Semester,Year,Instructor,Dept,Course ID,Course Name,Section,Responses,Enrollment,Resp. Rate %,1: Hrs Per Week 9,2: Interest in student learning,3: Explain course requirements,4: Clear learning goals,5: Instructor provides Feedback to students,6: Importance of subject,7: Explains subject matter,8: Show respect for students,9: Overall teaching,10: Overall course
,2017,,,,Year of 2017,,103,195,53%,10.51,4.61,4.39,4.48,4.37,4.6,4.55,4.73,4.56,4.44
Summer,2017,"BOYD, C.  (co-taught)",CMU,99275,SUMMER RECHARGE,S,10,18,56%,5.00,4.50,4.40,4.50,4.20,4.20,4.10,4.40,4.30,4.30
Summer,2017,"MANKE, K.  (co-taught)",CMU,99275,SUMMER RECHARGE,S,10,18,56%,5.00,4.50,4.30,4.40,4.40,4.70,4.60,4.80,4.60,4.50
Summer,2017,"BOYD, C.  (co-taught)",CMU,99275,SUMMER RECHARGE,ST,6,21,29%,5.00,3.83,3.33,3.83,3.83,3.83,4.00,4.17,3.67,3.67
Summer,2017,"MANKE, K.  (co-taught)",CMU,99275,SUMMER RECHARGE,ST,6,21,29%,5.00,4.83,3.83,4.17,4.83,4.67,4.50,4.67,5.00,4.33
Summer,2017,"BOYD, C.  (co-taught)",CMU,99275,SUMMER RECHARGE,T,7,18,39%,5.00,5.00,4.71,4.57,5.00,5.00,4.86,4.86,4.57,4.71
Summer,2017,"MANKE, K.  (co-taught)",CMU,99275,SUMMER RECHARGE,T,7,18,39%,5.00,4.86,5.00,4.86,4.86,5.00,5.00,4.71,4.86,4.86
Summer,2017,RAVI THOMAS,III,49764,ENTREPRE FINANCE I,A5,13,20,65%,13.17,4.38,3.69,3.92,3.23,4.31,4.31,4.69,4.38,3.85
Summer,2017,RAVI THOMAS,III,49765,ENTREPRE FINANCE II,A6,5,6,83%,13.00,4.00,4.20,4.20,2.80,4.40,4.40,4.40,4.20,4.20
Summer,2017,SHERYL ROOT,III,49766,AGL MRKT HGH TECH IN,A6,15,20,75%,15.57,5.00,4.87,4.87,4.93,4.93,4.93,4.93,4.93,4.80
Summer,2017,SHERYL ROOT,III,49767,ORG BEHAV HGH TECH,A5,9,12,75%,17.13,4.89,5.00,4.89,5.00,5.00,4.89,5.00,4.89,4.89
Summer,2017,FANG FANG,III,49783,INTRO CLOUD COMP,A,12,16,75%,15.00,4.58,4.50,4.67,4.67,4.50,4.50,5.00,4.50,4.58
Summer,2017,FANG FANG,III,49783,INTRO CLOUD COMP,R,1,3,33%,27.00,5.00,5.00,5.00,4.00,5.00,4.00,5.00,5.00,4.00
Summer,2017,"MERCIER, G.  (co-taught)",III,49792,SW MNGMT PRACTICUM,A,1,2,50%,11.00,4.00,4.00,4.00,4.00,4.00,4.00,4.00,4.00,4.00
Summer,2017,"EVANS, J.  (co-taught)",III,49792,SW MNGMT PRACTICUM,A,1,2,50%,11.00,4.00,4.00,4.00,4.00,4.00,4.00,4.00,4.00,4.00
Semester,Year,Instructor,Dept,Course ID,Course Name,Section,Responses,Enrollment,Resp. Rate %,1: Hrs Per Week 9,2: Interest in student learning,3: Explain course requirements,4: Clear learning goals,5: Instructor provides Feedback to students,6: Importance of subject,7: Explains subject matter,8: Show respect for students,9: Overall teaching,10: Overall course
,2017,,,,Year of 2017,,418,645,65%,13.04,4.62,4.43,4.49,4.38,4.59,4.47,4.68,4.45,4.4
Spring,2017,M. STEPHANIE MURRAY,BXA,52291,BXA SEM II,A,6,18,33%,3.50,4.83,4.17,4.17,3.50,4.50,4.50,5.00,4.50,4.17
Spring,2017,CARRIE HAGAN,BXA,52392,BXA SEM III,A,11,28,39%,4.18,4.18,3.82,3.91,3.82,3.55,3.64,3.91,3.55,3.18
Spring,2017,M. STEPHANIE MURRAY,BXA,52402,BXA SEM V: CAPSTONE,A,9,35,26%,9.44,4.78,4.89,4.67,4.56,4.67,4.78,4.89,4.78,4.56
Spring,2017,ANGELA LUSK,CMU,99153,MINDFUL LIVING,A4,11,30,37%,2.82,4.73,4.64,4.64,4.64,4.64,4.45,4.73,4.55,4.36
Spring,2017,ROBERT HEARD,CMU,99238,MATERLS ENGY ENVIRON,A,21,39,54%,5.90,3.86,3.57,3.81,3.05,4.19,3.86,4.05,3.62,3.57
Spring,2017,WILLIAM ALBA,CMU,99245,ENRGY SCI SOC COMM,A,3,6,50%,5.00,5.00,3.67,3.67,3.33,4.67,4.33,4.67,4.33,4.33
Spring,2017,SUSAN FINGER,CMU,99353,SOLIDWORKS LASER CUT,A4,13,21,62%,5.23,4.85,4.77,4.77,4.77,4.85,4.77,4.85,4.69,4.69
Spring,2017,LAWRENCE HAYHURST,CMU,99354,MACHNE SHP METROLOGY,A3,6,9,67%,4.00,5.00,4.83,5.00,5.00,4.83,5.00,5.00,5.00,5.00
Spring,2017,THOMAS CORBETT,CMU,99358,IDEATE UNITY3D INTRO,A4,7,12,58%,4.57,5.00,4.86,4.86,5.00,4.86,5.00,5.00,5.00,5.00
Spring,2017,PEGGY HEIDISH,CMU,99452,LANG & CUL TEACHNING,A3,4,11,36%,3.50,5.00,5.00,5.00,5.00,5.00,5.00,5.00,5.00,5.00
Spring,2017,SUSAN FINGER,CMU,99700,SP TOP: EM PORTFOLIO,A,4,7,57%,6.50,4.75,4.50,4.50,4.50,4.75,4.25,4.75,4.50,4.25
Spring,2017,ERIC BROCKMEYER,III,49313,ST: DESIGN FOR IOT,A,5,11,45%,11.00,4.60,3.80,3.60,4.20,4.00,3.80,4.80,4.20,4.00
Spring,2017,DARAGH BYRNE,III,49713,INTERNET OF THINGS,A3,27,43,63%,14.41,4.56,4.07,4.22,4.27,4.58,4.12,4.54,4.27,4.42
Spring,2017,DARAGH BYRNE,III,49719,IOT ELECTIVE,A4,15,19,79%,15.73,4.40,4.36,4.64,4.29,4.71,4.29,4.71,4.64,4.64
Spring,2017,JOHN LANKFORD,III,49720,PRODUCT & BRAND MGMT,A3,26,40,65%,8.81,4.12,3.88,3.88,3.15,4.16,4.19,4.08,3.65,3.81
Spring,2017,ANTHONY WASSERMAN,III,49762,SW PROD STRATEGY,A3,14,17,82%,17.14,4.64,4.64,4.79,4.86,4.79,4.57,4.86,4.71,4.71
Spring,2017,ANTHONY WASSERMAN,III,49762,SW PROD STRATEGY,B3,11,12,92%,17.09,4.55,4.45,4.55,4.55,4.64,4.55,4.73,4.45,4.27
Spring,2017,RAVI THOMAS,III,49763,BUS OF SOFTWARE,A4,17,17,100%,15.18,4.76,4.82,4.82,4.69,4.82,4.59,4.76,4.65,4.71
Spring,2017,RAVI THOMAS,III,49763,BUS OF SOFTWARE,B4,11,15,73%,14.55,4.64,4.45,4.73,4.18,4.73,4.64,4.64,4.55,4.45
Spring,2017,RAVI THOMAS,III,49763,BUS OF SOFTWARE,R4,1,4,25%,17.00,3.00,3.00,3.00,1.00,4.00,3.00,4.00,3.00,3.00
Spring,2017,GLADYS MERCIER,III,49771,PROCESS PROJ MNGT,A3,22,26,85%,20.27,4.82,4.77,4.82,4.64,4.77,4.64,4.91,4.82,4.77
Spring,2017,SHERYL ROOT,III,49771,PROCESS PROJ MNGT,B3,22,22,100%,20.74,5.00,4.95,5.00,4.91,4.95,4.82,5.00,4.95,4.77
Spring,2017,SHERYL ROOT,III,49771,PROCESS PROJ MNGT,R3,3,4,75%,20.67,5.00,4.33,5.00,4.00,4.67,4.67,5.00,4.33,4.00
Spring,2017,PAOLO MALABUYO,III,49780,HCI,B4,19,22,86%,21.63,5.00,4.95,4.89,4.89,4.89,4.89,4.79,4.89,4.89
Spring,2017,PAOLO MALABUYO,III,49780,HCI,R4,2,3,67%,25.50,4.50,4.00,4.50,4.00,5.00,5.00,5.00,5.00,4.50
Spring,2017,KARIMULLA SHAIKH,III,49781,DATA ANALYTICS,B4,19,26,73%,17.32,4.32,4.05,4.05,4.21,4.05,3.95,4.53,4.00,4.26
Spring,2017,ANTHONY WASSERMAN,III,49782,OPEN SOURCE SW,A4,21,26,81%,12.76,4.48,4.62,4.62,4.33,4.71,4.62,4.67,4.43,4.38
Spring,2017,FANG FANG,III,49788,MOBILE APPS FOR IOT,A4,26,33,79%,21.75,4.77,4.69,4.69,4.77,4.73,4.65,4.81,4.69,4.73
Spring,2017,JOHN EVANS,III,49801,ENTERPRISE INNOVATIO,A,32,41,78%,11.97,4.94,4.63,4.72,4.84,4.72,4.75,4.97,4.84,4.75
Spring,2017,SHERYL ROOT,III,49804,LEADERSHIP CHALLENGE,A4,25,43,58%,6.56,4.36,3.96,4.04,4.44,4.36,4.20,4.56,3.88,3.64
Spring,2017,SHERYL ROOT,III,49804,LEADERSHIP CHALLENGE,B4,5,5,100%,11.00,5.00,5.00,5.00,5.00,5.00,5.00,5.00,5.00,5.00
Semester,Year,Instructor,Dept,Course ID,Course Name,Section,Responses,Enrollment,Resp. Rate %,1: Hrs Per Week 9,2: Interest in student learning,3: Explain course requirements,4: Clear learning goals,5: Instructor provides Feedback to students,6: Importance of subject,7: Explains subject matter,8: Show respect for students,9: Overall teaching,10: Overall course
,2017,,,,Year of 2017,,126,162,78%,8.91,4.7,4.57,4.65,4.54,4.7,4.67,4.75,4.63,4.62
Spring,2017,"FINGER, S.  (co-taught)",CMU,99352,SOFT SKILLS FABRICAT,A4,4,9,44%,6.00,4.33,4.33,4.33,4.33,4.33,4.33,4.33,4.33,4.33
Spring,2017,"LIU, J.  (co-taught)",CMU,99352,SOFT SKILLS FABRICAT,A4,4,9,44%,6.00,4.33,4.67,4.67,4.67,4.67,4.67,4.67,4.67,4.67
Spring,2017,"ZEGLIN, G.  (co-taught)",CMU,99355,INTRO TO ARDUINO,A3,13,14,93%,5.90,4.70,4.50,4.60,4.70,4.60,4.60,4.70,4.70,4.60
Spring,2017,"ZACHARIAS, R.  (co-taught)",CMU,99355,INTRO TO ARDUINO,A3,13,14,93%,6.15,5.00,4.85,4.92,5.00,5.00,4.85,5.00,5.00,4.85
Spring,2017,"ZEGLIN, G.  (co-taught)",CMU,99355,INTRO TO ARDUINO,A4,11,13,85%,5.38,4.00,4.00,3.80,4.00,4.00,4.00,3.80,4.00,4.00
Spring,2017,"ZACHARIAS, R.  (co-taught)",CMU,99355,INTRO TO ARDUINO,A4,11,13,85%,5.55,5.00,4.82,4.91,4.82,4.80,4.91,5.00,5.00,4.82
Spring,2017,"MERCIER, G.  (co-taught)",III,49790,SW MNGMT IND STDY,A,2,2,100%,16.00,4.50,4.50,4.50,4.50,4.50,4.50,4.50,4.50,4.50
Spring,2017,"EVANS, J.  (co-taught)",III,49790,SW MNGMT IND STDY,A,2,2,100%,16.00,4.50,4.50,4.50,4.50,4.50,4.50,4.50,4.50,4.50
Spring,2017,"MERCIER, G.  (co-taught)",III,49792,SW MNGMT PRACTICUM,A,4,6,67%,9.50,4.50,4.50,4.50,4.25,4.50,4.50,4.75,4.00,4.25
Spring,2017,"EVANS, J.  (co-taught)",III,49792,SW MNGMT PRACTICUM,A,4,6,67%,9.50,4.75,4.50,4.50,4.50,4.50,4.50,5.00,4.25,4.25
Spring,2017,"WADHWA, V.  (co-taught)",III,49807,SP TP: EXP INNOVATE,A,2,5,40%,6.50,5.00,4.50,4.50,3.50,5.00,4.00,4.50,4.50,4.50
Spring,2017,"WADHWA, T.  (co-taught)",III,49807,SP TP: EXP INNOVATE,A,2,5,40%,6.50,4.50,4.00,4.50,4.00,4.50,4.00,4.50,4.00,4.50
Spring,2017,"WADHWA, V.  (co-taught)",III,49807,SP TP: EXP INNOVATE,B,23,28,82%,12.09,4.74,4.57,4.78,4.43,4.91,4.87,4.78,4.74,4.73
Spring,2017,"WADHWA, T.  (co-taught)",III,49807,SP TP: EXP INNOVATE,B,23,28,82%,12.09,4.83,4.65,4.74,4.52,4.78,4.78,4.96,4.64,4.70
Spring,2017,"CAGAN, J.  (co-taught)",III,49850,GR CHALLENGE INNO,A,4,4,100%,9.50,4.75,4.75,5.00,5.00,4.75,5.00,5.00,4.75,4.75
Spring,2017,"MCCOMB, C.  (co-taught)",III,49850,GR CHALLENGE INNO,A,4,4,100%,9.50,4.75,4.75,5.00,4.75,5.00,5.00,5.00,4.75,5.00
Semester,Year,Instructor,Dept,Course ID,Course Name,Section,Responses,Enrollment,Resp. Rate %,1: Hrs Per Week 9,2: Interest in student learning,3: Explain course requirements,4: Clear learning goals,5: Instructor provides Feedback to students,6: Importance of subject,7: Explains subject matter,8: Show respect for students,9: Overall teaching,10: Overall course
,2017,,,,Year of 2017,,78,132,59%,16.95,4.33,4.34,4.33,4.44,4.38,4.26,4.56,4.39,4.29
Spring,2017,"ANDERSON, E.  (co-taught)",III,49741,IPD CAPSTONE,A,26,44,59%,16.77,4.46,4.38,4.38,4.56,4.46,4.42,4.73,4.50,4.31
Spring,2017,"BOATWRIGHT, P.  (co-taught)",III,49741,IPD CAPSTONE,A,26,44,59%,16.96,3.96,4.16,4.20,4.16,4.24,4.00,4.32,4.12,4.20
Spring,2017,"SMITH, J.  (co-taught)",III,49741,IPD CAPSTONE,A,26,44,59%,17.13,4.56,4.48,4.40,4.60,4.44,4.36,4.64,4.56,4.36
Semester,Year,Instructor,Dept,Course ID,Course Name,Section,Responses,Enrollment,Resp. Rate %,1: Hrs Per Week 9,2: Interest in student learning,3: Explain course requirements,4: Clear learning goals,5: Instructor provides Feedback to students,6: Importance of subject,7: Explains subject matter,8: Show respect for students,9: Overall teaching,10: Overall course
,2016,,,,Year of 2016,,864,1361,63%,10.03,4.55,4.34,4.37,4.34,4.46,4.41,4.69,4.38,4.25
Summer,2016,CHANTE BOYD,CMU,99275,SUMMER RECHARGE,S,11,27,41%,6.09,4.73,4.64,4.64,4.55,4.45,4.64,4.82,4.73,4.30
Summer,2016,CHANTE BOYD,CMU,99275,SUMMER RECHARGE,T,4,10,40%,5.75,4.50,3.25,3.25,3.25,3.50,3.50,4.75,3.25,3.75
Summer,2016,RAVI THOMAS,III,49765,ENTREPRE FINANCE II,A6,2,6,33%,14.50,5.00,5.00,5.00,5.00,5.00,4.50,5.00,5.00,5.00
Summer,2016,SHERYL ROOT,III,49766,AGL MRKT HGH TECH IN,A6,7,10,70%,11.43,5.00,4.86,4.86,5.00,5.00,5.00,5.00,5.00,4.71
Summer,2016,SHERYL ROOT,III,49766,AGL MRKT HGH TECH IN,R6,3,4,75%,15.33,5.00,5.00,5.00,5.00,5.00,5.00,5.00,5.00,5.00
Summer,2016,FANG FANG,III,49783,INTRO CLOUD COMP,A,9,12,75%,12.11,4.89,4.89,4.89,4.78,4.78,4.89,4.89,4.56,4.44
Summer,2016,FANG FANG,III,49783,INTRO CLOUD COMP,R,2,2,100%,14.00,5.00,5.00,5.00,4.50,4.50,4.50,5.00,4.50,5.00
Summer,2016,GLADYS MERCIER,III,49793,PRAC TRAIN IN SM,A,4,26,15%,14.50,4.75,4.75,4.75,4.75,4.75,4.75,4.75,4.75,4.75
Spring,2016,MARIA ELENA VERSARI,BXA,52202,VIS CUL TOTALITARIAN,A,2,4,50%,8.00,5.00,4.50,4.50,4.50,4.50,4.00,4.50,4.50,4.50
Spring,2016,CARRIE HAGAN,BXA,52392,BXA SEM III,A,10,17,59%,5.00,4.30,3.89,3.90,3.20,3.70,3.80,4.20,3.60,3.10
Spring,2016,M. STEPHANIE MURRAY,BXA,52402,BXA SEM V: CAPSTONE,A,10,29,34%,9.90,4.70,4.60,4.80,4.70,4.80,4.80,4.90,4.60,4.60
Spring,2016,ROBERT HEARD,CMU,99238,MATERLS ENGY ENVIRON,A,17,34,50%,5.53,4.29,3.59,3.94,3.53,4.18,4.12,4.41,3.88,3.76
Spring,2016,WILLIAM ALBA,CMU,99245,ENRGY SCI SOC COMM,A,4,8,50%,7.25,3.50,2.50,2.25,3.25,4.00,3.25,4.25,3.25,2.75
Spring,2016,DAVID TOURETZKY,CMU,99353,SOLIDWORKS LASER CUT,A4,11,17,65%,7.50,4.36,3.82,4.45,4.09,4.45,4.36,4.27,4.45,4.45
Spring,2016,GARTH ZEGLIN,CMU,99355,INTRO TO ARDUINO,A4,7,11,64%,5.86,4.86,4.43,4.57,4.86,4.71,4.43,4.86,4.57,4.71
Spring,2016,AMY BURKERT,CMU,99405,DIRECTED STUDY,A,1,3,33%,5.00,5.00,5.00,5.00,5.00,5.00,5.00,5.00,5.00,5.00
Spring,2016,JUDITH HALLINEN,CMU,99461,TUTOR TEACH & LEAD,A,3,3,100%,10.00,4.33,4.33,4.67,4.67,4.33,4.33,4.33,4.33,4.33
Spring,2016,DARAGH BYRNE,III,49713,INTERNET OF THINGS,A3,22,31,71%,13.55,4.68,4.32,4.23,3.95,4.38,4.05,4.59,4.14,4.33
Spring,2016,DARAGH BYRNE,III,49719,IOT ELECTIVE,A4,11,12,92%,15.64,4.73,4.45,4.55,4.73,4.55,4.27,4.82,4.45,4.55
Spring,2016,JOHN LANKFORD,III,49720,PRODUCT & BRAND MGMT,A3,21,31,68%,10.14,4.48,4.33,4.52,4.19,4.62,4.57,4.38,4.48,4.52
Spring,2016,ANTHONY WASSERMAN,III,49762,SW PROD STRATEGY,B3,9,15,60%,12.00,4.44,4.44,4.44,4.78,4.33,4.33,4.44,4.33,4.44
Spring,2016,RAVI THOMAS,III,49763,BUS OF SOFTWARE,B4,9,14,64%,9.13,4.11,3.67,3.89,3.44,3.89,3.78,4.44,3.67,3.44
Spring,2016,RINA LEVY,III,49771,PROCESS PROJ MNGT,A3,13,23,57%,11.83,3.31,3.38,3.38,3.46,3.38,2.92,3.46,2.77,3.23
Spring,2016,SHERYL ROOT,III,49771,PROCESS PROJ MNGT,B3,13,20,65%,16.15,4.77,4.85,4.62,4.85,4.69,4.77,4.85,4.77,4.54
Spring,2016,SHERYL ROOT,III,49771,PROCESS PROJ MNGT,R3,3,3,100%,13.33,4.67,4.67,5.00,4.33,4.67,4.67,5.00,4.67,4.00
Spring,2016,PAOLO MALABUYO,III,49780,HCI,B4,19,24,79%,12.67,4.89,4.58,4.84,4.79,4.84,4.95,4.79,4.78,4.68
Spring,2016,KARIMULLA SHAIKH,III,49781,DATA ANALYTICS,B4,9,24,38%,9.88,3.56,3.22,3.00,3.56,3.22,2.56,4.33,2.78,2.56
Spring,2016,SUKHJIT SINGH,III,49784,JAVA SMARTPHONE DEV,A,6,14,43%,18.50,2.83,2.67,3.00,2.50,2.83,3.00,2.67,2.17,3.33
Spring,2016,JOHN EVANS,III,49801,ENTERPRISE INNOVATIO,A,11,14,79%,11.18,4.82,4.82,4.82,4.82,4.82,4.82,5.00,4.91,4.91
Spring,2016,JOHN EVANS,III,49801,ENTERPRISE INNOVATIO,B,12,26,46%,13.42,4.92,4.75,4.58,4.92,4.75,4.83,4.92,4.92,4.92
Spring,2016,JOHN EVANS,III,49801,ENTERPRISE INNOVATIO,R,2,4,50%,21.00,5.00,4.00,4.00,4.50,4.00,4.00,5.00,5.00,4.50
Spring,2016,SHERYL ROOT,III,49804,LEADERSHIP CHALLENGE,A4,26,33,79%,7.64,4.50,4.19,4.00,4.54,4.69,4.42,4.77,4.27,4.00
Spring,2016,SHERYL ROOT,III,49804,LEADERSHIP CHALLENGE,B4,13,18,72%,6.25,4.92,4.75,4.69,4.85,4.92,4.85,4.92,4.85,4.54
Spring,2016,JOHN EVANS,III,49805,SPECIAL TOPICS CIP-2,A,12,16,75%,9.00,4.58,3.75,3.92,3.92,4.33,4.08,4.67,4.17,3.67
Fall,2016,M. STEPHANIE MURRAY,BXA,52190,BXA SEM I,A,10,21,48%,5.90,4.90,4.00,3.60,4.10,4.30,4.30,5.00,4.56,4.22
Fall,2016,CARRIE HAGAN,BXA,52292,BXA LEADERSHIP,A,3,5,60%,2.00,4.67,4.33,4.67,4.67,5.00,4.33,5.00,5.00,4.67
Fall,2016,M. STEPHANIE MURRAY,BXA,52401,BXA SEM IV: CAPSTONE,A,5,15,33%,5.00,4.80,4.80,4.80,3.40,4.60,4.20,5.00,4.20,3.80
Fall,2016,CARRIE HAGAN,BXA,52401,BXA SEM IV: CAPSTONE,B,9,20,45%,4.00,4.78,4.22,4.00,3.67,3.89,4.11,4.67,3.78,3.44
Fall,2016,MAHMOOD-REZA VALI,BXA,52430,MUSIC OF IRAN,A,2,3,67%,6.50,5.00,5.00,5.00,5.00,5.00,5.00,5.00,5.00,5.00
Fall,2016,TERESA MACGREGOR,CMU,99104,CARNEGIE SKILLS WRKS,W,10,16,63%,2.30,4.60,4.60,4.60,4.50,4.40,4.60,4.80,4.90,4.10
Fall,2016,ALICIA SALAZ,CMU,99104,CARNEGIE SKILLS WRKS,WW,10,16,63%,3.50,4.40,4.40,4.50,4.00,4.50,4.50,4.90,4.80,4.30
Fall,2016,TERESA MACGREGOR,CMU,99104,CARNEGIE SKILLS WRKS,X,10,14,71%,2.90,4.50,4.50,4.60,4.30,4.40,4.40,4.70,4.60,4.00
Fall,2016,ALICIA SALAZ,CMU,99104,CARNEGIE SKILLS WRKS,XX,12,16,75%,3.00,4.67,4.75,4.75,3.92,4.42,4.25,4.92,4.42,3.18
Fall,2016,ALICIA SALAZ,CMU,99104,CARNEGIE SKILLS WRKS,Y,17,19,89%,3.59,4.35,4.59,4.53,4.29,4.25,4.53,4.82,4.47,3.94
Fall,2016,ALICIA SALAZ,CMU,99104,CARNEGIE SKILLS WRKS,YY,12,17,71%,2.50,4.67,4.42,4.58,4.00,4.50,4.58,4.92,4.67,3.67
Fall,2016,ANGELA LUSK,CMU,99152,THRIVE@CMU,B2,2,3,67%,2.00,5.00,5.00,5.00,5.00,5.00,5.00,5.00,5.00,5.00
Fall,2016,LAUREN AIKEN-SMITH,CMU,99190,MNGNG STRS RSTNG HRM,A1,2,16,13%,8.00,5.00,5.00,5.00,5.00,5.00,5.00,5.00,5.00,5.00
Fall,2016,WILLIAM ALBA,CMU,99241,REVLUTNS CIRCULARITY,A,10,13,77%,5.90,4.90,3.90,4.20,4.10,4.60,4.20,4.90,4.30,4.33
Fall,2016,LAWRENCE HAYHURST,CMU,99354,MACHNE SHP METROLOGY,A1,6,8,75%,2.00,5.00,4.80,5.00,5.00,5.00,5.00,5.00,5.00,5.00
Fall,2016,LAWRENCE HAYHURST,CMU,99354,MACHNE SHP METROLOGY,A2,6,8,75%,3.00,4.83,4.67,4.83,4.83,4.83,4.83,4.83,4.83,4.83
Fall,2016,GARTH ZEGLIN,CMU,99355,INTRO TO ARDUINO,A2,6,10,60%,9.20,4.83,4.83,5.00,5.00,5.00,5.00,4.83,4.83,4.67
Fall,2016,SELMA LIMAM MANSAR,CMU,99410,INTERNSHIP,W,7,16,44%,18.17,4.67,4.33,4.33,4.67,4.50,4.50,4.67,4.33,4.50
Fall,2016,PEGGY HEIDISH,CMU,99452,LANG & CUL TEACHNING,A1,3,3,100%,5.00,5.00,4.67,4.33,5.00,4.67,4.67,5.00,4.67,4.67
Fall,2016,M SHERNELL SMITH,CMU,99530,SENIOR PREPARTN SEMR,A2,4,9,44%,4.25,4.75,4.75,5.00,4.50,4.75,4.75,5.00,4.75,5.00
Fall,2016,CHRISTOPHER MCCOMB,III,49300,ST: INT PROD CONCEPT,A,11,16,69%,9.36,5.00,4.91,5.00,5.00,4.82,5.00,4.91,5.00,4.82
Fall,2016,DREW DEGENTESH,III,49700,ENG DESIGN FUND,A1,19,22,86%,12.11,3.95,3.95,4.05,3.95,4.11,4.00,4.16,3.89,3.84
Fall,2016,TIM CUNNINGHAM,III,49701,ID FUNDAMENTALS,A1,12,15,80%,9.00,4.58,4.09,3.82,4.36,4.09,4.45,4.27,4.45,4.09
Fall,2016,TIM CUNNINGHAM,III,49701,ID FUNDAMENTALS,B1,3,7,43%,10.00,4.33,4.67,4.67,4.00,4.00,4.67,4.67,4.67,4.67
Fall,2016,MATTHEW BEALE,III,49701,ID FUNDAMENTALS,C1,16,20,80%,10.06,2.88,2.31,2.13,3.00,2.63,2.63,3.69,2.25,2.06
Fall,2016,DAVID LAMONT,III,49702,BUSINESS FUND,A1,28,38,74%,13.61,4.57,4.86,4.82,4.54,4.75,4.89,4.82,4.82,4.86
Fall,2016,TIMOTHY FLETCHER,III,49703,CAREER PLANNING,A,25,44,57%,4.52,4.00,4.16,4.16,4.08,4.28,4.16,4.60,4.00,4.08
Fall,2016,MATTHEW ZYWICA,III,49710,VISUAL PROCESSES,A2,9,17,53%,10.00,4.78,4.67,4.78,4.33,4.78,4.89,4.78,4.78,4.78
Fall,2016,ERIC ANDERSON,III,49710,VISUAL PROCESSES,B2,10,16,63%,10.70,4.70,4.20,4.50,4.70,4.60,4.50,4.90,4.60,4.56
Fall,2016,FRANCINE GEMPERLE,III,49712,USER RESEARCH,A2,25,43,58%,10.68,4.44,4.16,4.44,4.08,4.60,4.52,4.68,4.32,4.44
Fall,2016,DARAGH BYRNE,III,49714,ST PROGM ONLN PROTYP,A2,12,17,71%,17.42,4.75,3.75,4.00,4.09,4.33,3.91,4.73,4.00,4.00
Fall,2016,STEPHEN LEONARD,III,49730,DFM,A1,30,37,81%,11.14,4.73,4.53,4.50,4.77,4.73,4.80,4.90,4.73,4.63
Fall,2016,STEPHEN LEONARD,III,49731,DFE,A2,25,43,58%,10.32,4.84,4.76,4.48,4.68,4.68,4.72,4.88,4.64,4.60
Fall,2016,TIMOTHY FLETCHER,III,49748,SPECIAL TOPICS,B2,5,5,100%,7.40,4.40,4.60,4.60,5.00,4.80,4.80,5.00,4.80,4.80
Fall,2016,SHERYL ROOT,III,49750,SW PROD DEF,A1,5,9,56%,20.00,5.00,4.60,4.60,4.60,4.80,4.80,4.60,4.80,4.80
Fall,2016,SHERYL ROOT,III,49750,SW PROD DEF,R1,1,3,33%,14.00,4.00,4.00,4.00,5.00,4.00,4.00,5.00,4.00,4.00
Fall,2016,ANTHONY WASSERMAN,III,49751,REQUIRE ANALYS,A2,6,12,50%,12.83,4.17,3.17,3.67,4.17,4.50,4.20,4.67,4.00,3.17
Fall,2016,ANTHONY WASSERMAN,III,49751,REQUIRE ANALYS,R2,1,3,33%,2.00,4.00,3.00,3.00,2.00,3.00,2.00,5.00,2.00,2.00
Fall,2016,GLADYS MERCIER,III,49760,FOUND OF SW MNGT,A,30,34,88%,10.23,4.70,4.77,4.70,4.53,4.70,4.63,4.83,4.67,4.63
Fall,2016,GLADYS MERCIER,III,49761,ELEM OF SW MNGMT,A1,17,19,89%,17.41,4.29,4.18,4.29,4.29,4.12,3.82,4.59,3.88,3.82
Fall,2016,GLADYS MERCIER,III,49761,ELEM OF SW MNGMT,R1,2,3,67%,21.00,4.50,4.50,4.50,4.50,4.50,4.50,5.00,4.50,4.50
Fall,2016,SHERYL ROOT,III,49770,METRICS SM MNGRS,A2,16,20,80%,12.63,4.81,4.81,4.81,4.81,4.81,4.81,4.81,4.81,4.69
Fall,2016,SHERYL ROOT,III,49770,METRICS SM MNGRS,B2,16,24,67%,13.20,4.63,4.50,4.38,4.44,4.63,4.50,4.81,4.44,4.13
Fall,2016,SHERYL ROOT,III,49770,METRICS SM MNGRS,R2,1,3,33%,21.00,5.00,4.00,4.00,3.00,5.00,5.00,5.00,5.00,5.00
Fall,2016,XUEYING DAI,III,49774,SM-PRODUCT MANAGE,A1,10,15,67%,12.60,4.90,4.80,4.70,4.70,4.60,4.60,4.80,4.70,4.70
Fall,2016,ANTHONY WASSERMAN,III,49775,FIRST TIME MANAGER,A2,13,17,76%,9.23,4.92,5.00,4.92,5.00,4.92,4.85,5.00,4.85,4.77
Fall,2016,PAOLO MALABUYO,III,49780,HCI,A2,18,24,75%,17.94,4.72,4.56,4.56,4.44,4.67,4.56,4.56,4.50,4.56
Fall,2016,FANG FANG,III,49786,SOFTWARE ENGINEERING,A,22,25,88%,11.86,4.82,4.77,4.73,4.73,4.68,4.73,4.86,4.73,4.77
Fall,2016,KARIMULLA SHAIKH,III,49787,ARCHITECT & PROGRAM,A1,12,17,71%,11.42,4.33,3.67,3.75,3.92,4.08,4.00,4.83,3.75,3.75
Semester,Year,Instructor,Dept,Course ID,Course Name,Section,Responses,Enrollment,Resp. Rate %,1: Hrs Per Week 9,2: Interest in student learning,3: Explain course requirements,4: Clear learning goals,5: Instructor provides Feedback to students,6: Importance of subject,7: Explains subject matter,8: Show respect for students,9: Overall teaching,10: Overall course
,2016,,,,Year of 2016,,270,410,66%,7.96,4.48,4.28,4.34,4.41,4.45,4.45,4.72,4.38,4.33
Summer,2016,"MERCIER, G.  (co-taught)",III,49792,SW MNGMT PRACTICUM,A,3,6,50%,18.67,4.33,4.67,4.33,4.33,4.33,4.33,5.00,4.67,4.67
Summer,2016,"EVANS, J.  (co-taught)",III,49792,SW MNGMT PRACTICUM,A,3,6,50%,18.67,4.33,4.33,4.33,4.33,4.33,4.67,4.67,4.33,4.33
Spring,2016,"FINGER, S.  (co-taught)",CMU,99352,SOFT SKILLS FABRICAT,A4,5,11,45%,3.80,5.00,5.00,5.00,5.00,5.00,5.00,5.00,5.00,5.00
Spring,2016,"LIU, J.  (co-taught)",CMU,99352,SOFT SKILLS FABRICAT,A4,5,11,45%,3.80,5.00,5.00,5.00,5.00,5.00,5.00,5.00,5.00,5.00
Fall,2016,"SHELL, K.  (co-taught)",CMU,99194,RELATIONSHIPS 101,A2,9,23,39%,4.67,4.78,4.67,4.78,4.67,4.89,4.89,5.00,4.78,4.88
Fall,2016,"AIKEN-SMITH, L.  (co-taught)",CMU,99194,RELATIONSHIPS 101,A2,9,23,39%,4.67,4.89,4.67,4.78,4.78,4.89,4.89,5.00,4.78,4.78
Fall,2016,"FINGER, S.  (co-taught)",CMU,99352,SOFT SKILLS FABRICAT,A2,7,10,70%,5.00,4.71,4.29,4.57,4.43,4.29,4.57,4.71,4.43,4.43
Fall,2016,"LIU, J.  (co-taught)",CMU,99352,SOFT SKILLS FABRICAT,A2,7,10,70%,5.00,4.86,4.43,4.71,4.57,4.29,4.71,4.86,4.57,4.43
Fall,2016,"WASSERMAN, A.  (co-taught)",III,49752,PROD DEF AND VALIDAT,A,23,24,96%,9.57,4.30,4.13,4.00,4.70,4.26,4.43,4.64,4.22,4.13
Fall,2016,"ROOT, S.  (co-taught)",III,49752,PROD DEF AND VALIDAT,A,23,24,96%,8.00,4.55,4.57,4.50,4.59,4.50,4.55,4.59,4.55,4.41
Fall,2016,"EVANS, J.  (co-taught)",III,49800,COMMERCIAL IP,A,20,29,69%,7.40,4.05,3.25,3.50,3.80,4.00,3.45,4.70,3.55,3.40
Fall,2016,"BREME, O.  (co-taught)",III,49800,COMMERCIAL IP,A,20,29,69%,7.53,3.95,3.95,3.95,3.84,4.28,4.11,4.63,4.00,3.84
Fall,2016,"EVANS, J.  (co-taught)",III,49800,COMMERCIAL IP,B,8,15,53%,8.43,4.71,4.43,4.43,4.71,4.57,4.86,5.00,4.43,4.43
Fall,2016,"BREME, O.  (co-taught)",III,49800,COMMERCIAL IP,B,8,15,53%,8.50,4.83,4.67,4.67,4.50,5.00,5.00,5.00,4.50,4.33
Fall,2016,"EVANS, J.  (co-taught)",III,49802,I&E I,A1,12,17,71%,5.00,4.08,3.33,3.17,3.50,3.50,3.50,4.42,3.17,3.17
Fall,2016,"COTTERILL, K.  (co-taught)",III,49802,I&E I,A1,12,17,71%,5.27,3.91,4.00,3.91,3.73,3.91,4.18,4.09,3.91,3.82
Fall,2016,"EVANS, J.  (co-taught)",III,49802,I&E I,B1,18,23,78%,8.53,4.61,4.61,4.67,4.78,4.78,4.67,4.89,4.67,4.67
Fall,2016,"COTTERILL, K.  (co-taught)",III,49802,I&E I,B1,18,23,78%,8.33,4.67,4.78,4.78,4.50,4.67,4.72,4.78,4.67,4.71
Fall,2016,"EVANS, J.  (co-taught)",III,49803,I&E II,A2,2,5,40%,5.00,5.00,4.00,4.00,4.50,4.50,4.50,5.00,5.00,5.00
Fall,2016,"COTTERILL, K.  (co-taught)",III,49803,I&E II,A2,2,5,40%,5.00,5.00,5.00,5.00,5.00,5.00,5.00,5.00,5.00,5.00
Fall,2016,"EVANS, J.  (co-taught)",III,49803,I&E II,B2,19,22,86%,10.42,4.63,4.42,4.53,4.79,4.68,4.79,4.74,4.74,4.74
Fall,2016,"COTTERILL, K.  (co-taught)",III,49803,I&E II,B2,19,22,86%,10.06,4.53,4.42,4.74,4.53,4.53,4.63,4.74,4.67,4.68
Fall,2016,"EVANS, J.  (co-taught)",III,49806,CONNECTED CLASSROOMS,A2,4,7,57%,9.00,5.00,4.00,4.33,4.00,4.67,4.00,5.00,4.33,4.00
Fall,2016,"BYRNE, D.  (co-taught)",III,49806,CONNECTED CLASSROOMS,A2,4,7,57%,9.50,4.75,4.50,4.75,4.50,4.75,4.50,4.75,4.50,4.50
Fall,2016,"EVANS, J.  (co-taught)",III,49806,CONNECTED CLASSROOMS,B2,5,13,38%,9.80,4.80,4.40,4.40,4.40,4.80,4.60,4.80,4.80,4.80
Fall,2016,"BYRNE, D.  (co-taught)",III,49806,CONNECTED CLASSROOMS,B2,5,13,38%,9.50,4.20,3.80,3.80,4.00,4.00,4.00,4.20,4.20,4.20
Semester,Year,Instructor,Dept,Course ID,Course Name,Section,Responses,Enrollment,Resp. Rate %,1: Hrs Per Week 9,2: Interest in student learning,3: Explain course requirements,4: Clear learning goals,5: Instructor provides Feedback to students,6: Importance of subject,7: Explains subject matter,8: Show respect for students,9: Overall teaching,10: Overall course
,2016,,,,Year of 2016,,186,225,83%,15.1,4.51,4.36,4.48,4.46,4.51,4.48,4.63,4.43,4.37
Spring,2016,"ANDERSON, E.  (co-taught)",III,49741,IPD CAPSTONE,A,27,31,87%,16.93,4.59,4.48,4.52,4.52,4.56,4.37,4.52,4.37,4.48
Spring,2016,"KARA, L.  (co-taught)",III,49741,IPD CAPSTONE,A,27,31,87%,16.93,4.70,4.52,4.59,4.67,4.70,4.63,4.70,4.59,4.52
Spring,2016,"BOATWRIGHT, P.  (co-taught)",III,49741,IPD CAPSTONE,A,27,31,87%,16.93,4.59,4.63,4.59,4.63,4.59,4.56,4.70,4.52,4.52
Fall,2016,"ANDERSON, E.  (co-taught)",III,49740,IPD METHODS,A1,35,44,80%,13.91,4.40,4.14,4.43,4.43,4.40,4.40,4.66,4.34,4.17
Fall,2016,"CAGAN, J.  (co-taught)",III,49740,IPD METHODS,A1,35,44,80%,13.67,4.57,4.49,4.54,4.54,4.59,4.57,4.69,4.60,4.40
Fall,2016,"BOATWRIGHT, P.  (co-taught)",III,49740,IPD METHODS,A1,35,44,80%,13.47,4.31,4.03,4.29,4.06,4.29,4.37,4.54,4.23,4.20
Semester,Year,Instructor,Dept,Course ID,Course Name,Section,Responses,Enrollment,Resp. Rate %,1: Hrs Per Week 9,2: Interest in student learning,3: Explain course requirements,4: Clear learning goals,5: Instructor provides Feedback to students,6: Importance of subject,7: Explains subject matter,8: Show respect for students,9: Overall teaching,10: Overall course
,2016,,,,Year of 2016,,56,100,56%,12.92,4.7,4.71,4.62,4.51,4.65,4.66,4.76,4.66,4.68
Fall,2016,"WASSERMAN, A.  (co-taught)",III,49790,SW MNGMT IND STDY,A,7,10,70%,14.25,4.75,4.75,4.75,4.50,5.00,5.00,5.00,4.75,4.75
Fall,2016,"MERCIER, G.  (co-taught)",III,49790,SW MNGMT IND STDY,A,7,10,70%,13.60,4.20,4.20,4.00,3.80,4.00,4.00,4.40,3.75,4.00
Fall,2016,"EVANS, J.  (co-taught)",III,49790,SW MNGMT IND STDY,A,7,10,70%,13.50,4.75,4.75,4.75,4.50,4.75,4.75,4.75,4.75,4.75
Fall,2016,"ROOT, S.  (co-taught)",III,49790,SW MNGMT IND STDY,A,7,10,70%,13.50,4.75,4.75,4.75,4.50,4.75,4.75,4.75,4.75,4.75
Fall,2016,"WASSERMAN, A.  (co-taught)",III,49792,SW MNGMT PRACTICUM,A,7,15,47%,9.00,4.67,5.00,4.67,5.00,4.67,5.00,4.67,5.00,4.67
Fall,2016,"MERCIER, G.  (co-taught)",III,49792,SW MNGMT PRACTICUM,A,7,15,47%,12.50,5.00,4.75,5.00,4.75,5.00,4.75,5.00,4.75,5.00
Fall,2016,"EVANS, J.  (co-taught)",III,49792,SW MNGMT PRACTICUM,A,7,15,47%,13.00,5.00,5.00,5.00,5.00,5.00,5.00,5.00,5.00,5.00
Fall,2016,"ROOT, S.  (co-taught)",III,49792,SW MNGMT PRACTICUM,A,7,15,47%,14.00,4.50,4.50,4.00,4.00,4.00,4.00,4.50,4.50,4.50
Semester,Year,Instructor,Dept,Course ID,Course Name,Section,Responses,Enrollment,Resp. Rate %,2: Interest in student learning,3: Explain course requirements,4: Clear learning goals,5: Instructor provides Feedback to students,6: Importance of subject,7: Explains subject matter,8: Show respect for students,9: Overall teaching,10: Overall course,
,2015,,,,Year of 2015,,1,3,33%,2,3,3,2,2,2,4,2,2,
Fall,2015,JOHN EVANS,III,49803,I&E II,A2,1,3,33%,2.00,3.00,3.00,2.00,2.00,2.00,4.00,2.00,2.00,
Semester,Year,Instructor,Dept,Course ID,Course Name,Section,Responses,Enrollment,Resp. Rate %,1: Hrs Per Week 9,2: Interest in student learning,3: Explain course requirements,4: Clear learning goals,5: Instructor provides Feedback to students,6: Importance of subject,7: Explains subject matter,8: Show respect for students,9: Overall teaching,10: Overall course
,2015,,,,Year of 2015,,627,891,70%,8.56,4.41,4.17,4.22,4.1,4.32,4.21,4.63,4.19,4.02
Summer,2015,SELMA LIMAM MANSAR,CMU,99411,SUMMER INTERNSHIP,W,2,5,40%,24.00,4.50,4.50,4.50,4.50,4.50,4.50,4.50,4.50,4.50
Spring,2015,M. STEPHANIE MURRAY,BXA,52290,LITRCY ACRS DISCPLNS,A,7,12,58%,5.86,4.57,4.43,4.43,4.43,4.43,4.43,4.57,4.29,4.14
Spring,2015,CARRIE HAGAN,BXA,52391,BXA JUNIOR PORTFOLIO,A,9,28,32%,2.43,4.00,4.00,3.71,3.86,4.00,4.00,4.00,3.86,3.71
Spring,2015,FRANCO SCIANNAMEO,BXA,52399,BXA INTERDISC SEMR,A,11,16,69%,3.36,4.00,2.64,2.73,2.73,3.55,2.82,4.45,3.09,2.55
Spring,2015,M. STEPHANIE MURRAY,BXA,52402,BXA CAPSTONE PRJ II,A,19,37,51%,8.37,4.42,4.32,4.32,4.05,4.39,4.47,4.63,4.32,4.32
Spring,2015,CARRIE HAGAN,BXA,52410,BXA JUNIOR SEMINAR,A,10,22,45%,4.33,4.60,4.20,4.22,3.80,4.20,4.40,4.40,4.20,4.10
Spring,2015,ANGELA LUSK,CMU,99152,THRIVE@CMU,A4,8,12,67%,2.38,4.88,4.88,4.75,4.38,5.00,4.63,5.00,4.75,4.50
Spring,2015,PAULA MARTIN,CMU,99193,PERSONAL NUTRITION,A3,10,23,43%,5.30,4.50,4.40,4.30,4.90,4.90,4.70,4.70,4.60,4.80
Spring,2015,WILLIAM ALBA,CMU,99245,ENRGY SCI SOC COMM,A,2,3,67%,5.00,4.00,3.00,3.50,4.00,5.00,4.00,5.00,4.50,4.00
Spring,2015,PEGGY HEIDISH,CMU,99452,LANG & CUL TEACHNING,A3,4,7,57%,5.00,5.00,5.00,5.00,4.75,4.75,4.75,5.00,4.75,4.50
Spring,2015,JUDITH HALLINEN,CMU,99461,TUTOR TEACH & LEAD,A,5,13,38%,5.00,5.00,4.80,5.00,5.00,5.00,5.00,5.00,5.00,5.00
Fall,2015,M. STEPHANIE MURRAY,BXA,52190,BXA SEM I,A,6,8,75%,5.00,4.33,3.50,3.50,2.67,3.67,4.50,4.83,4.00,4.00
Fall,2015,M. STEPHANIE MURRAY,BXA,52401,BXA SEM IV: CAPSTONE,A,8,12,67%,5.75,4.88,4.88,4.88,4.38,4.75,4.50,5.00,4.88,4.00
Fall,2015,CARRIE HAGAN,BXA,52401,BXA SEM IV: CAPSTONE,B,8,17,47%,6.88,4.38,4.00,3.75,3.75,3.88,4.13,4.38,4.00,3.25
Fall,2015,TERESA MACGREGOR,CMU,99104,CARNEGIE SKILLS WRKS,W,12,16,75%,4.50,4.67,4.50,4.75,4.33,4.58,4.58,5.00,4.42,3.67
Fall,2015,TERESA MACGREGOR,CMU,99104,CARNEGIE SKILLS WRKS,WW,12,17,71%,4.75,3.92,4.25,4.25,3.83,3.83,4.25,4.25,4.00,3.42
Fall,2015,ALICIA SALAZ,CMU,99104,CARNEGIE SKILLS WRKS,X,14,15,93%,4.08,4.64,4.50,4.54,4.43,4.50,4.64,4.93,4.71,4.21
Fall,2015,ALICIA SALAZ,CMU,99104,CARNEGIE SKILLS WRKS,XX,7,15,47%,8.14,4.57,4.57,4.71,4.71,4.57,4.57,4.86,4.86,4.71
Fall,2015,ALICIA SALAZ,CMU,99104,CARNEGIE SKILLS WRKS,Y,12,16,75%,3.91,4.17,4.08,4.25,4.50,4.00,4.33,4.58,4.00,3.92
Fall,2015,ALICIA SALAZ,CMU,99104,CARNEGIE SKILLS WRKS,YY,12,16,75%,4.73,4.33,4.67,4.83,4.25,4.50,4.42,4.75,4.67,4.00
Fall,2015,ALICIA SALAZ,CMU,99104,CARNEGIE SKILLS WRKS,Z,11,13,85%,2.55,4.18,4.27,4.30,4.00,4.73,4.36,4.82,4.18,3.45
Fall,2015,ANGELA LUSK,CMU,99152,THRIVE@CMU,A2,8,16,50%,2.00,5.00,4.75,4.75,4.63,4.75,4.88,5.00,4.88,4.75
Fall,2015,LAUREN AIKEN-SMITH,CMU,99190,MNGNG STRS RSTNG HRM,A1,5,14,36%,3.80,5.00,4.80,4.40,4.20,4.60,4.20,5.00,4.00,4.60
Fall,2015,WILLIAM ALBA,CMU,99241,REVLUTNS CIRCULARITY,A,11,15,73%,6.50,4.91,3.82,3.82,3.91,4.45,4.18,5.00,4.45,4.09
Fall,2015,PEGGY HEIDISH,CMU,99452,LANG & CUL TEACHNING,A1,7,9,78%,4.57,4.86,5.00,5.00,5.00,5.00,5.00,4.86,5.00,5.00
Fall,2015,BRYAN KOVAL,CMU,99530,SENIOR PREPARTN SEMR,A2,2,5,40%,5.00,4.50,4.50,4.50,3.50,4.50,4.50,4.50,4.00,4.50
Fall,2015,JULIAN BOXENBAUM,III,49300,ST: INT PROD CONCEPT,A,5,6,83%,11.00,4.40,3.80,3.80,4.00,4.00,3.40,4.40,3.60,3.80
Fall,2015,DREW DEGENTESH,III,49700,ENG DESIGN FUND,A1,17,18,94%,13.29,4.41,4.47,4.65,4.41,4.65,4.59,4.29,4.65,4.35
Fall,2015,TIM CUNNINGHAM,III,49701,ID FUNDAMENTALS,A1,20,23,87%,9.16,4.20,3.70,3.60,3.60,4.15,3.80,4.20,3.75,3.70
Fall,2015,TIM CUNNINGHAM,III,49701,ID FUNDAMENTALS,B1,5,6,83%,6.80,3.80,3.80,3.80,3.60,4.00,4.00,4.60,4.00,3.80
Fall,2015,DAVID LAMONT,III,49702,BUSINESS FUND,A1,22,24,92%,11.09,4.32,4.40,4.45,4.29,4.41,4.18,4.64,4.27,4.27
Fall,2015,MATTHEW ZYWICA,III,49710,VISUAL PROCESSES,A2,22,25,88%,11.38,4.77,4.50,4.73,4.77,4.77,4.82,4.86,4.77,4.77
Fall,2015,ERIC ANDERSON,III,49711,ADV VISUAL PROCESSES,A2,7,7,100%,11.14,4.43,4.00,4.29,4.43,4.43,4.43,4.14,4.29,4.29
Fall,2015,FRANCINE GEMPERLE,III,49712,USER RESEARCH,22,29,32,91%,12.04,4.76,4.66,4.76,4.38,4.66,4.62,4.78,4.76,4.72
Fall,2015,NOE VARGAS HERNANDEZ,III,49730,DFM,A1,30,33,91%,9.38,4.00,3.63,3.57,3.23,3.63,3.43,4.57,3.03,3.17
Fall,2015,NOE VARGAS HERNANDEZ,III,49731,DFE,A2,28,31,90%,9.59,3.75,3.63,3.57,3.32,3.75,3.21,4.25,3.18,3.14
Fall,2015,JULIAN BOXENBAUM,III,49748,SPECIAL TOPICS,A2,8,9,89%,11.13,4.00,3.75,3.63,4.00,4.50,4.25,3.88,3.88,3.88
Fall,2015,SHERYL ROOT,III,49750,SW PROD DEF,A1,8,17,47%,14.63,4.75,4.50,4.50,4.50,4.63,4.38,4.88,4.50,4.00
Fall,2015,SHERYL ROOT,III,49750,SW PROD DEF,R1,3,5,60%,21.67,4.67,4.67,4.67,4.67,4.67,4.67,4.67,4.67,4.67
Fall,2015,ANTHONY WASSERMAN,III,49751,REQUIRE ANALYS,A2,6,14,43%,16.17,4.33,3.33,3.33,4.17,4.33,4.33,4.17,4.00,4.00
Fall,2015,ANTHONY WASSERMAN,III,49751,REQUIRE ANALYS,R2,4,4,100%,22.67,3.50,3.25,3.50,3.50,4.00,3.25,4.00,3.25,3.50
Fall,2015,RINA LEVY,III,49752,PROD DEF AND VALIDAT,B,12,17,71%,10.00,3.25,1.83,2.25,2.33,2.50,1.67,3.00,1.83,1.83
Fall,2015,GLADYS MERCIER,III,49760,FOUND OF SW MNGT,A,10,19,53%,9.50,3.40,4.00,3.90,3.90,3.70,3.60,4.50,3.60,3.30
Fall,2015,GLADYS MERCIER,III,49760,FOUND OF SW MNGT,B,12,14,86%,10.00,4.33,4.58,4.42,4.58,4.33,4.50,4.75,4.25,4.25
Fall,2015,GLADYS MERCIER,III,49761,ELEM OF SW MNGMT,A1,13,17,76%,13.23,4.62,4.31,4.54,4.46,4.00,4.00,4.77,4.15,3.85
Fall,2015,GLADYS MERCIER,III,49761,ELEM OF SW MNGMT,R1,3,4,75%,8.00,4.33,4.67,4.67,4.67,4.00,4.00,4.67,4.00,4.33
Fall,2015,SHERYL ROOT,III,49770,METRICS SM MNGRS,A2,16,21,76%,13.75,4.38,4.25,4.63,4.69,4.44,4.44,4.81,4.38,4.27
Fall,2015,SHERYL ROOT,III,49770,METRICS SM MNGRS,B2,12,17,71%,13.58,4.83,4.75,4.83,4.83,4.83,4.67,4.92,4.75,4.67
Fall,2015,SHERYL ROOT,III,49770,METRICS SM MNGRS,R2,2,4,50%,17.50,5.00,4.50,4.50,5.00,5.00,4.50,5.00,5.00,4.50
Fall,2015,JOHN EVANS,III,49800,COMMERCIAL IP,A,18,22,82%,8.18,4.33,3.22,3.50,3.67,4.11,3.72,4.67,3.83,3.50
Fall,2015,JOHN EVANS,III,49800,COMMERCIAL IP,B,19,26,73%,10.22,4.84,4.63,4.68,4.67,4.68,4.63,4.95,4.74,4.63
Fall,2015,JOHN EVANS,III,49802,I&E I,A1,19,22,86%,7.42,4.63,4.16,4.05,3.84,4.32,4.16,4.89,4.26,3.89
Fall,2015,JOHN EVANS,III,49802,I&E I,B1,27,36,75%,7.67,4.67,4.44,4.44,4.22,4.56,4.48,4.78,4.44,4.37
Fall,2015,JOHN EVANS,III,49803,I&E II,B2,28,36,78%,6.71,4.71,4.43,4.50,4.29,4.50,4.61,4.79,4.71,4.50
Semester,Year,Instructor,Dept,Course ID,Course Name,Section,Responses,Enrollment,Resp. Rate %,1: Hrs Per Week 9,2: Interest in student learning,3: Explain course requirements,4: Clear learning goals,5: Instructor provides Feedback to students,6: Importance of subject,7: Explains subject matter,8: Show respect for students,9: Overall teaching,10: Overall course
,2015,,,,Year of 2015,,134,222,60%,5.74,4.42,4.18,4.22,4.07,4.33,4.19,4.42,4.13,3.96
Spring,2015,"CHICKERING, D.  (co-taught)",CMU,99151,PRVLG RSPNSBLTY COMM,A4,6,21,29%,7.00,4.83,4.33,4.50,4.17,4.33,4.17,4.83,4.17,4.17
Spring,2015,"EVANS, M.  (co-taught)",CMU,99151,PRVLG RSPNSBLTY COMM,A4,6,21,29%,6.50,4.83,4.33,4.50,4.17,4.33,4.33,4.83,4.33,4.17
Fall,2015,"CHICKERING, D.  (co-taught)",CMU,99151,PRVLG RSPNSBLTY COMM,A2,7,17,41%,3.50,4.71,4.43,4.57,3.57,4.43,4.43,4.71,4.29,3.57
Fall,2015,"KENGOR, K.  (co-taught)",CMU,99151,PRVLG RSPNSBLTY COMM,A2,7,17,41%,3.50,4.00,4.00,4.00,3.43,4.14,4.00,4.14,3.71,3.86
Fall,2015,"SHELL, K.  (co-taught)",CMU,99194,RELATIONSHIPS 101,A2,12,23,52%,5.25,4.67,4.25,4.67,4.58,4.75,4.75,4.67,4.50,4.50
Fall,2015,"AIKEN-SMITH, L.  (co-taught)",CMU,99194,RELATIONSHIPS 101,A2,12,23,52%,5.30,4.27,4.09,4.27,4.09,4.55,4.36,4.09,4.18,4.50
Fall,2015,"FLETCHER, T.  (co-taught)",III,49703,CAREER PLANNING,A,29,32,91%,3.86,4.21,3.83,3.72,3.90,3.86,3.69,4.34,3.62,3.11
Fall,2015,"KUBILIUS, T.  (co-taught)",III,49703,CAREER PLANNING,A,29,32,91%,3.77,4.25,4.14,4.07,3.86,4.15,3.96,4.07,4.00,3.78
Fall,2015,"WASSERMAN, A.  (co-taught)",III,49752,PROD DEF AND VALIDAT,A,13,18,72%,11.54,4.46,4.54,4.46,4.62,4.69,4.46,4.62,4.54,4.54
Fall,2015,"ROOT, S.  (co-taught)",III,49752,PROD DEF AND VALIDAT,A,13,18,72%,10.83,4.83,4.58,4.67,4.42,4.83,4.75,4.83,4.83,4.75
Semester,Year,Instructor,Dept,Course ID,Course Name,Section,Responses,Enrollment,Resp. Rate %,1: Hrs Per Week 9,2: Interest in student learning,3: Explain course requirements,4: Clear learning goals,5: Instructor provides Feedback to students,6: Importance of subject,7: Explains subject matter,8: Show respect for students,9: Overall teaching,10: Overall course
,2015,,,,Year of 2015,,81,93,87%,13.52,4.29,4.31,4.37,4.26,4.37,4.33,4.56,4.28,4.28
Fall,2015,"ANDERSON, E.  (co-taught)",III,49740,IPD METHODS,A1,27,31,87%,13.52,4.00,4.04,4.30,4.07,4.26,4.22,4.33,4.11,4.22
Fall,2015,"CAGAN, J.  (co-taught)",III,49740,IPD METHODS,A1,27,31,87%,13.52,4.44,4.44,4.48,4.44,4.44,4.44,4.67,4.44,4.33
Fall,2015,"BOATWRIGHT, P.  (co-taught)",III,49740,IPD METHODS,A1,27,31,87%,13.52,4.44,4.44,4.33,4.26,4.41,4.33,4.67,4.30,4.30
Semester,Year,Instructor,Dept,Course ID,Course Name,Section,Responses,Enrollment,Resp. Rate %,1: Hrs Per Week 9,2: Interest in student learning,3: Explain course requirements,4: Clear learning goals,5: Instructor provides Feedback to students,6: Importance of subject,7: Explains subject matter,8: Show respect for students,9: Overall teaching,10: Overall course
,2015,,,,Year of 2015,,24,32,75%,11.5,3.64,3.48,3.48,3.62,3.88,3.81,4.04,3.96,3.17
Fall,2015,"WASSERMAN, A.  (co-taught)",III,49791,SW MNGMT CAP PROJ,A,6,8,75%,11.00,3.00,3.00,3.00,3.00,3.00,3.00,3.00,3.00,3.00
Fall,2015,"MERCIER, G.  (co-taught)",III,49791,SW MNGMT CAP PROJ,A,6,8,75%,11.00,4.25,4.25,4.25,4.50,4.50,4.25,4.50,4.50,4.00
Fall,2015,"EVANS, J.  (co-taught)",III,49791,SW MNGMT CAP PROJ,A,6,8,75%,12.50,4.33,3.67,3.67,4.00,4.00,4.00,4.67,4.33,3.67
Fall,2015,"ROOT, S.  (co-taught)",III,49791,SW MNGMT CAP PROJ,A,6,8,75%,,3.00,3.00,3.00,3.00,4.00,4.00,4.00,4.00,2.00
Semester,Year,Instructor,Dept,Course ID,Course Name,Section,Responses,Enrollment,Resp. Rate %,1: Hrs Per Week 9,2: Interest in student learning,3: Explain course requirements,4: Clear learning goals,5: Instructor provides Feedback to students,6: Importance of subject,7: Explains subject matter,8: Show respect for students,9: Overall teaching,10: Overall course
,2015,,,,Year of 2015,,88,116,76%,13.54,4.44,4.48,4.44,4.51,4.4,4.42,4.49,4.42,4.42
Fall,2015,"WASSERMAN, A.  (co-taught)",III,49790,SW MNGMT IND STDY,A,8,12,67%,14.83,4.80,4.80,4.80,4.80,4.80,4.80,4.80,4.60,4.60
Fall,2015,"MERCIER, G.  (co-taught)",III,49790,SW MNGMT IND STDY,A,8,12,67%,11.67,4.67,4.67,4.50,4.67,4.50,4.67,4.83,4.67,4.67
Fall,2015,"EVANS, J.  (co-taught)",III,49790,SW MNGMT IND STDY,A,8,12,67%,15.60,4.80,4.80,4.80,4.80,4.80,4.80,4.80,4.80,4.80
Fall,2015,"ROOT, S.  (co-taught)",III,49790,SW MNGMT IND STDY,A,8,12,67%,15.33,4.67,4.67,4.67,4.67,4.67,4.67,4.67,4.67,4.67
Fall,2015,"WASSERMAN, A.  (co-taught)",III,49792,SW MNGMT PRACTICUM,A,14,17,82%,14.00,3.75,3.75,3.75,3.75,3.50,3.50,3.50,3.50,3.50
Fall,2015,"MERCIER, G.  (co-taught)",III,49792,SW MNGMT PRACTICUM,A,14,17,82%,14.13,4.11,4.00,3.89,4.22,3.89,3.89,4.11,4.00,4.00
Fall,2015,"EVANS, J.  (co-taught)",III,49792,SW MNGMT PRACTICUM,A,14,17,82%,11.00,4.67,5.00,5.00,5.00,5.00,5.00,5.00,5.00,5.00
Fall,2015,"ROOT, S.  (co-taught)",III,49792,SW MNGMT PRACTICUM,A,14,17,82%,13.14,4.57,4.57,4.57,4.57,4.57,4.57,4.71,4.57,4.57
Semester,Year,Instructor,Dept,Course ID,Course Name,Section,Responses,Enrollment,Resp. Rate %,1: Hrs Per Week 8,2: Interest in student learning,3: Explain course requirements,4: Clear learning goals,5: Instructor provides Feedback to students,6: Importance of subject,7: Explains subject matter,8: Show respect for students,9: Overall teaching,10: Overall course
,2014,,,,Year of 2014,,97,197,49%,5.13,4.68,4.43,4.47,4.36,4.55,4.53,4.78,4.56,4.34
Spring,2014,CARRIE HAGAN,BXA,52391,BXA JUNIOR PORTFOLIO,A,14,37,38%,3.50,4.43,4.50,4.21,4.00,4.36,4.36,4.79,4.50,3.93
Spring,2014,FRANCO SCIANNAMEO,BXA,52399,BXA INTERDISC SEMR,A,4,10,40%,3.50,3.50,2.50,2.75,3.00,4.00,3.50,3.75,3.25,3.00
Spring,2014,M. STEPHANIE MURRAY,BXA,52402,BXA CAPSTONE PRJ II,A,15,31,48%,7.40,4.87,4.53,4.67,4.53,4.53,4.47,4.93,4.80,4.47
Spring,2014,CARRIE HAGAN,BXA,52410,BXA JUNIOR SEMINAR,A,14,24,58%,6.71,4.71,4.14,4.21,4.07,4.00,4.50,4.64,4.31,3.79
Spring,2014,DAVID CHICKERING,CMU,99151,PRVLG RSPNSBLTY COMM,A4,12,18,67%,5.00,4.83,4.75,4.64,4.58,4.67,4.58,4.92,4.58,4.58
Spring,2014,ANGELA LUSK,CMU,99152,THRIVE@CMU,A4,10,13,77%,2.30,4.89,4.80,5.00,4.80,5.00,5.00,5.00,5.00,4.80
Spring,2014,PAULA MARTIN,CMU,99193,PERSONAL NUTRITION,A3,3,16,19%,4.00,4.67,4.67,5.00,5.00,5.00,5.00,5.00,4.67,4.67
Spring,2014,PETER ADAMS,CMU,99234,ENVR TODAY: FOOD,A,3,7,43%,2.00,4.33,4.00,4.33,4.33,4.67,4.33,4.67,4.67,4.67
Spring,2014,WILLIAM ALBA,CMU,99245,ENRGY SCI SOC COMM,A,3,4,75%,9.33,4.67,3.00,3.00,4.00,4.33,4.00,4.33,4.33,4.00
Spring,2014,GARY PATTERSON,CMU,99405,DIRECTED STUDY,A,8,19,42%,5.75,4.88,4.75,4.88,4.75,4.88,4.88,4.88,4.75,4.88
Spring,2014,PEGGY HEIDISH,CMU,99452,LANG & CUL TEACHNING,A3,7,11,64%,3.71,4.71,4.86,5.00,4.71,4.86,4.71,4.86,4.57,4.71
Spring,2014,JUDITH HALLINEN,CMU,99461,TUTOR TEACH & LEAD,A,4,7,57%,7.25,4.75,4.75,4.50,4.00,4.75,4.25,4.75,4.50,4.75
Semester,Year,Instructor,Dept,Course ID,Course Name,Section,Responses,Enrollment,Resp. Rate %,1: Hrs Per Week 9,2: Interest in student learning,3: Explain course requirements,4: Clear learning goals,5: Instructor provides Feedback to students,6: Importance of subject,7: Explains subject matter,8: Show respect for students,9: Overall teaching,10: Overall course
,2014,,,,Year of 2014,,156,278,56%,4.49,4.56,4.4,4.39,4.05,4.46,4.44,4.71,4.35,4.22
Fall,2014,M. STEPHANIE MURRAY,BXA,52190,BXA FR INTERDISC SEM,A,7,14,50%,4.50,4.71,4.14,3.57,4.14,4.71,4.57,4.71,4.71,4.43
Fall,2014,CARRIE HAGAN,BXA,52291,BUILDING BXA,A,4,10,40%,6.50,4.00,4.00,3.50,3.00,3.75,4.00,4.00,3.50,3.25
Fall,2014,CARRIE HAGAN,BXA,52401,BXA CAPSTONE PRJT I,A,11,30,37%,4.73,4.55,3.64,3.64,3.55,3.73,3.64,4.36,3.82,3.40
Fall,2014,TERESA MACGREGOR,CMU,99104,CARNEGIE SKILLS WRKS,W,12,16,75%,3.64,4.17,4.25,4.33,3.67,4.25,3.83,4.42,3.75,3.50
Fall,2014,TERESA MACGREGOR,CMU,99104,CARNEGIE SKILLS WRKS,WW,9,16,56%,4.00,4.89,4.78,4.78,4.78,4.78,4.78,4.89,4.56,4.44
Fall,2014,ALICIA SALAZ,CMU,99104,CARNEGIE SKILLS WRKS,X,10,16,63%,2.67,4.50,4.56,4.40,4.00,4.30,4.40,4.90,4.20,4.50
Fall,2014,ALICIA SALAZ,CMU,99104,CARNEGIE SKILLS WRKS,XX,10,15,67%,2.30,4.70,4.50,4.70,4.30,4.40,4.38,4.90,4.60,4.30
Fall,2014,ALICIA SALAZ,CMU,99104,CARNEGIE SKILLS WRKS,Y,9,14,64%,3.00,4.78,5.00,5.00,4.67,5.00,5.00,5.00,4.78,4.56
Fall,2014,ALICIA SALAZ,CMU,99104,CARNEGIE SKILLS WRKS,YY,8,15,53%,4.63,4.88,4.75,4.63,4.50,4.63,4.63,5.00,4.50,4.63
Fall,2014,ALICIA SALAZ,CMU,99104,CARNEGIE SKILLS WRKS,Z,12,15,80%,5.83,4.50,4.75,4.75,4.00,4.25,4.42,4.92,4.50,3.92
Fall,2014,ANGELA LUSK,CMU,99152,THRIVE@CMU,A2,8,14,57%,2.38,4.75,4.88,4.88,4.63,4.88,4.75,4.88,4.63,4.63
Fall,2014,ANGELA LUSK,CMU,99152,THRIVE@CMU,B2,8,11,73%,4.14,4.75,4.50,4.75,4.50,4.63,4.75,4.75,4.50,4.50
Fall,2014,LAUREN AIKEN-SMITH,CMU,99190,MNGNG STRS RSTNG HRM,A1,1,11,9%,5.00,5.00,5.00,5.00,5.00,5.00,5.00,5.00,5.00,5.00
Fall,2014,ROBERT HEARD,CMU,99238,MATERLS ENGY ENVIRON,A,25,44,57%,5.72,4.32,3.92,4.12,3.28,4.44,4.48,4.56,4.12,4.12
Fall,2014,WILLIAM ALBA,CMU,99241,REVLUTNS CIRCULARITY,A,8,12,67%,6.50,4.75,4.00,3.88,4.00,4.38,4.38,5.00,4.75,4.75
Fall,2014,PEGGY HEIDISH,CMU,99452,LANG & CUL TEACHNING,A1,12,13,92%,6.00,4.50,4.67,4.58,4.50,4.67,4.58,4.42,4.58,4.42
Fall,2014,BRYAN KOVAL,CMU,99530,SENIOR PREPARTN SEMR,A2,2,12,17%,2.00,4.50,5.00,4.50,5.00,4.50,4.50,4.50,4.00,4.50
Semester,Year,Instructor,Dept,Course ID,Course Name,Section,Responses,Enrollment,Resp. Rate %,1: Hrs Per Week 9,2: Interest in student learning,3: Explain course requirements,4: Clear learning goals,5: Instructor provides Feedback to students,6: Importance of subject,7: Explains subject matter,8: Show respect for students,9: Overall teaching,10: Overall course
,2014,,,,Year of 2014,,2,4,50%,11,5,5,5,5,5,5,5,5,5
Fall,2014,"MURRAY, M.  (co-taught)",BXA,52590,BXA INTERNSHIP,A,1,2,50%,11.00,5.00,5.00,5.00,5.00,5.00,5.00,5.00,5.00,5.00
Fall,2014,"HAGAN, C.  (co-taught)",BXA,52590,BXA INTERNSHIP,A,1,2,50%,11.00,5.00,5.00,5.00,5.00,5.00,5.00,5.00,5.00,5.00
Semester,Year,Instructor,Dept,Course ID,Course Name,Section,Responses,Enrollment,Resp. Rate %,1: Hrs Per Week 8,2: Interest in student learning,3: Explain course requirements,4: Clear learning goals,5: Instructor provides Feedback to students,6: Importance of subject,7: Explains subject matter,8: Show respect for students,9: Overall teaching,10: Overall course
,2013,,,,Year of 2013,,247,430,57%,5.03,4.61,4.37,4.45,4.37,4.55,4.49,4.72,4.53,4.35
Spring,2013,MELISSA HERNANDEZ,CMU,99151,PRVLG RSPNSBLTY COMM,W4,4,10,40%,7.00,4.75,4.75,4.75,4.75,5.00,5.00,5.00,4.75,4.75
Spring,2013,KELLEY SHELL,CMU,99190,MNGNG STRS RSTNG HRM,A4,7,29,24%,4.57,4.71,4.43,4.71,4.57,4.71,4.71,4.71,4.71,4.71
Spring,2013,PAULA MARTIN,CMU,99193,PERSONAL NUTRITION,A3,5,23,22%,3.20,4.60,4.40,4.60,5.00,5.00,5.00,5.00,4.60,4.60
Spring,2013,WILLIAM ALBA,CMU,99242,MNG ACR MILLENNIA,A,3,6,50%,6.00,5.00,3.33,3.67,4.00,5.00,4.67,4.67,4.67,4.67
Spring,2013,NICO SLATE,CMU,99331,INDIA TODAY,W3,1,4,25%,2.00,5.00,5.00,5.00,5.00,5.00,5.00,5.00,5.00,5.00
Spring,2013,Vincent helenz,CMU,99405,DIRECTED STUDY,W,12,17,71%,6.64,4.92,4.50,4.50,4.83,4.50,4.75,4.83,4.67,4.58
Spring,2013,Vincent helenz,CMU,99405,DIRECTED STUDY,X,12,16,75%,7.25,4.08,3.75,3.83,4.17,3.91,4.17,4.25,4.08,4.08
Spring,2013,PEGGY HEIDISH,CMU,99452,LANG & CUL TEACHNING,A3,8,14,57%,3.88,4.75,4.75,4.63,4.75,4.63,4.75,4.75,4.75,4.63
Spring,2013,JUDITH HALLINEN,CMU,99461,TUTOR TEACH & LEAD,A,4,8,50%,6.50,3.50,3.75,3.75,4.00,4.00,4.00,4.00,4.00,3.75
Fall,2013,M. STEPHANIE MURRAY,BXA,52190,BXA FR INTERDISC SEM,A,8,10,80%,3.13,5.00,4.88,4.88,3.75,5.00,4.88,5.00,5.00,4.88
Fall,2013,CARRIE HAGAN,BXA,52290,LITRCY ACRS DISCPLNS,A1,2,4,50%,6.50,4.00,3.50,4.00,5.00,5.00,4.50,4.50,4.50,4.00
Fall,2013,CARRIE HAGAN,BXA,52291,BUILDING BXA,A2,3,11,27%,5.00,4.33,3.67,4.00,4.33,4.00,3.67,4.33,4.00,4.00
Fall,2013,FRANCO SCIANNAMEO,BXA,52399,BXA INTERDISC SEMR,A,3,4,75%,5.00,4.33,3.67,3.67,3.67,4.33,4.00,4.67,4.00,4.33
Fall,2013,M. STEPHANIE MURRAY,BXA,52401,BXA CAPSTONE PRJT I,A,16,34,47%,6.31,4.75,4.56,4.75,4.63,4.63,4.75,4.81,4.75,4.69
Fall,2013,TERESA MACGREGOR,CMU,99104,CARNEGIESKILLSWRKS,W,15,19,79%,3.93,4.67,4.27,4.67,4.33,4.43,4.40,4.87,4.60,3.73
Fall,2013,ALICIA SALAZ,CMU,99104,CARNEGIESKILLSWRKS,WW,8,13,62%,5.88,4.63,4.63,4.75,4.63,4.63,4.63,5.00,4.88,4.50
Fall,2013,TERESA MACGREGOR,CMU,99104,CARNEGIESKILLSWRKS,X,13,18,72%,3.38,4.54,4.54,4.38,4.23,4.31,4.46,4.85,4.46,4.08
Fall,2013,ALICIA SALAZ,CMU,99104,CARNEGIESKILLSWRKS,XX,11,14,79%,3.91,4.91,4.91,4.73,4.82,4.91,4.73,5.00,4.82,4.55
Fall,2013,ALICIA SALAZ,CMU,99104,CARNEGIESKILLSWRKS,Y,18,20,90%,5.00,4.72,4.83,4.89,4.78,4.78,4.67,5.00,4.83,4.89
Fall,2013,ALICIA SALAZ,CMU,99104,CARNEGIESKILLSWRKS,YY,12,12,100%,3.75,4.83,4.83,4.92,4.64,4.83,4.82,4.92,4.75,4.75
Fall,2013,ALICIA SALAZ,CMU,99104,CARNEGIESKILLSWRKS,Z,17,18,94%,4.44,4.82,4.88,4.94,4.88,4.88,4.82,4.94,5.00,4.88
Fall,2013,MELISSA HERNANDEZ,CMU,99151,PRVLGRSPNSBLTYCOMM,W2,5,11,45%,6.50,4.20,3.80,3.40,3.60,4.00,3.80,5.00,3.40,3.40
Fall,2013,ANGELA LUSK,CMU,99152,THRIVE@CMU,A2,9,15,60%,2.00,4.44,3.89,4.11,4.33,4.67,4.00,4.78,4.22,3.78
Fall,2013,KELLEY SHELL,CMU,99190,MNGNG STRS RSTNG HRM,A2,12,31,39%,4.50,4.50,4.42,4.50,4.08,4.50,4.33,4.58,4.25,4.08
Fall,2013,ROBERT HEARD,CMU,99238,MATERLS ENGY ENVIRON,A,19,32,59%,6.58,4.16,3.63,4.00,3.16,4.42,4.11,4.21,3.95,3.89
Fall,2013,WILLIAM ALBA,CMU,99241,REVLUTNS CIRCULARITY,A,9,11,82%,7.00,4.44,3.00,2.56,3.78,3.00,3.33,3.67,3.56,3.00
Fall,2013,PEGGY HEIDISH,CMU,99452,LANG & CUL TEACHNING,A1,8,12,67%,5.38,5.00,5.00,5.00,4.88,5.00,4.88,4.88,5.00,4.88
Fall,2013,BRYAN KOVAL,CMU,99530,SENIOR PREPARTN SEMR,A2,3,14,21%,5.00,5.00,5.00,5.00,4.33,5.00,4.33,5.00,5.00,4.67
Semester,Year,Instructor,Dept,Course ID,Course Name,Section,Responses,Enrollment,Resp. Rate %,1: Hrs Per Week 8,2: Interest in student learning,3: Explain course requirements,4: Clear learning goals,5: Instructor provides Feedback to students,6: Importance of subject,7: Explains subject matter,8: Show respect for students,9: Overall teaching,10: Overall course
,2013,,,,Year of 2013,,36,68,53%,5.58,4.58,4.61,4.67,4.39,4.61,4.61,4.67,4.53,4.69
Spring,2013,"AL-ABDI, J.  (co-taught)",CMU,99194,RELATIONSHIPS 101,W4,13,22,59%,5.69,4.69,4.69,4.85,4.38,4.69,4.69,4.62,4.54,4.69
Spring,2013,"REHAL, D.  (co-taught)",CMU,99194,RELATIONSHIPS 101,W4,13,22,59%,5.46,4.54,4.62,4.62,4.31,4.62,4.62,4.69,4.46,4.77
Fall,2013,"DICKERT, J.  (co-taught)",CMU,99151,PRVLG RSPNSBLTY COMM,A2,5,12,42%,5.60,4.60,4.60,4.60,4.60,4.80,4.60,4.80,4.80,4.60
Fall,2013,"CHICKERING, D.  (co-taught)",CMU,99151,PRVLG RSPNSBLTY COMM,A2,5,12,42%,5.60,4.40,4.40,4.40,4.40,4.20,4.40,4.60,4.40,4.60
Semester,Year,Instructor,Dept,Course ID,Course Name,Section,Responses,Enrollment,Resp. Rate %,1: Hrs Per Week 5,2: Interest in student learning,3: Explain course requirements,4: Clear learning goals,5: Instructor provides Feedback to students,6: Importance of subject,7: Explains subject matter,8: Show respect for students,9: Overall teaching,10: Overall course
,2012,,,,Year of 2012,,132,244,54%,4.45,4.29,4.11,4.17,4.11,4.37,4.32,4.55,4.28,3.95
Spring,2012,JOANNA DICKERT,CMU,99151,PRVLG RSPNSBLTY COMM,A3,3,12,25%,4.00,5.00,5.00,4.67,5.00,5.00,4.67,5.00,5.00,5.00
Spring,2012,MICHAEL MURPHY,CMU,99208,VISIONING,A4,5,10,50%,3.80,4.20,4.20,4.60,4.60,4.40,4.60,4.60,4.40,4.40
Spring,2012,WILLIAM ALBA,CMU,99242,MNG ACR MILLENNIA,A,5,12,42%,6.20,4.00,2.60,2.80,4.00,4.20,3.20,4.40,3.80,3.80
Spring,2012,PEGGY HEIDISH,CMU,99452,LANG & CUL TEACHNING,A3,7,14,50%,3.71,4.71,4.86,4.86,4.86,4.86,4.86,4.71,4.71,4.71
Fall,2012,  ethanp,CMU,99104,CARNEGIE SKILLS WRKS,W,12,16,75%,5.00,3.58,3.75,3.75,3.50,4.00,3.83,4.17,3.58,3.00
Fall,2012,  ethanp,CMU,99104,CARNEGIE SKILLS WRKS,WW,9,15,60%,4.00,4.00,4.11,4.11,3.89,4.33,4.33,4.11,3.89,3.89
Fall,2012,TERESA MACGREGOR,CMU,99104,CARNEGIE SKILLS WRKS,X,10,17,59%,3.67,3.90,3.80,4.20,3.90,3.90,4.10,4.50,4.30,3.50
Fall,2012,TERESA MACGREGOR,CMU,99104,CARNEGIE SKILLS WRKS,XX,10,17,59%,4.67,4.60,4.20,4.40,4.50,4.50,4.50,4.90,4.60,4.00
Fall,2012,TERESA MACGREGOR,CMU,99104,CARNEGIE SKILLS WRKS,Y,14,18,78%,2.46,4.43,4.50,4.64,4.43,4.50,4.57,4.71,4.50,3.93
Fall,2012,  ethanp,CMU,99104,CARNEGIE SKILLS WRKS,Z,12,19,63%,4.50,3.83,3.75,3.67,3.08,4.00,3.83,3.75,3.42,3.17
Fall,2012,ROBERT HEARD,CMU,99238,MATERLS ENGY ENVIRON,A,12,26,46%,4.50,4.25,4.42,4.42,3.82,4.83,4.58,4.92,4.50,4.25
Fall,2012,WILLIAM ALBA,CMU,99241,REVLUTNS CIRCULARITY,A,11,14,79%,5.55,4.73,3.27,3.18,3.64,3.82,4.09,4.55,4.27,3.91
Fall,2012,ALEXANDER CHEEK,CMU,99405,DIRECTED STUDY,W,11,19,58%,7.18,4.45,4.27,4.36,4.64,4.45,4.45,4.73,4.55,4.27
Fall,2012,PEGGY HEIDISH,CMU,99452,LANG & CUL TEACHNING,A1,8,15,53%,3.13,4.88,4.75,4.75,4.88,4.88,4.75,5.00,4.88,4.63
Fall,2012,BRYAN KOVAL,CMU,99530,SENIOR PREPARTN SEMR,A2,3,20,15%,4.00,5.00,5.00,5.00,5.00,5.00,5.00,5.00,5.00,5.00
Semester,Year,Instructor,Dept,Course ID,Course Name,Section,Responses,Enrollment,Resp. Rate %,2: Interest in student learning,3: Explain course requirements,4: Clear learning goals,5: Instructor provides Feedback to students,6: Importance of subject,7: Explains subject matter,8: Show respect for students,9: Overall teaching,10: Overall course,22: Hrs Per Week 5
,2012,,,,Year of 2012,,90,182,49%,4.61,4.65,4.65,4.49,4.72,4.66,4.84,4.64,4.62,4.81
Spring,2012,"DUFFY, J.  (co-taught)",CMU,99151,PRVLG RSPNSBLTY COMM,W4,8,14,57%,4.50,4.50,4.63,4.25,4.63,4.75,4.75,4.50,4.38,7.25
Spring,2012,"DARCO, K.  (co-taught)",CMU,99151,PRVLG RSPNSBLTY COMM,W4,8,14,57%,4.38,4.38,4.50,4.38,4.38,4.63,4.63,4.75,4.75,7.00
Spring,2012,"AL-ABDI, J.  (co-taught)",CMU,99190,MNGNG STRS RSTNG HRM,W4,6,17,35%,4.83,4.83,5.00,4.33,4.83,4.83,5.00,4.67,4.83,4.50
Spring,2012,"REHAL, D.  (co-taught)",CMU,99190,MNGNG STRS RSTNG HRM,W4,6,17,35%,4.33,4.50,4.50,4.33,4.83,4.67,5.00,4.67,4.83,4.40
Spring,2012,"MUTISYA, E.  (co-taught)",CMU,99252,SEM ACADMC COUNSELNG,W,6,10,60%,4.60,4.60,4.60,4.40,4.60,4.60,4.40,4.60,4.60,2.60
Spring,2012,"OLIVER, M.  (co-taught)",CMU,99252,SEM ACADMC COUNSELNG,W,6,10,60%,4.83,4.83,4.83,4.67,4.83,4.83,4.83,4.83,4.83,3.00
Fall,2012,"AL-ABDI, J.  (co-taught)",CMU,99190,MNGNG STRS RSTNG HRM,W2,15,23,65%,4.71,4.60,4.60,4.60,4.73,4.60,4.80,4.47,4.53,4.60
Fall,2012,"REHAL, D.  (co-taught)",CMU,99190,MNGNG STRS RSTNG HRM,W2,15,23,65%,4.80,4.73,4.67,4.67,4.80,4.67,4.93,4.47,4.53,4.77
Fall,2012,"MARTIN, P.  (co-taught)",CMU,99194,RELATIONSHIPS 101,A2,10,27,37%,4.50,4.80,4.60,4.50,4.80,4.60,4.90,4.80,4.60,4.70
Fall,2012,"SHELL, K.  (co-taught)",CMU,99194,RELATIONSHIPS 101,A2,10,27,37%,4.50,4.70,4.70,4.50,4.70,4.60,5.00,4.90,4.60,4.40
Semester,Year,Instructor,Dept,Course ID,Course Name,Section,Responses,Enrollment,Resp. Rate %,2: Interest in student learning,3: Explain course requirements,4: Clear learning goals,5: Instructor provides Feedback to students,6: Importance of subject,7: Explains subject matter,8: Show respect for students,9: Overall teaching,10: Overall course,33: Hrs Per Week 5
,2012,,,,Year of 2012,,15,24,62%,4.73,4.6,4.67,4.6,4.67,4.6,4.87,4.47,4.73,5.4
Fall,2012,"DAVIS, J.  (co-taught)",CMU,99208,VISIONING,W2,5,8,63%,4.80,4.60,4.80,4.80,4.80,4.80,5.00,4.80,4.80,5.60
Fall,2012,"SAKR, M.  (co-taught)",CMU,99208,VISIONING,W2,5,8,63%,4.60,4.40,4.60,4.40,4.60,4.40,4.60,4.20,4.80,5.00
Fall,2012,"HERNANDEZ, M.  (co-taught)",CMU,99208,VISIONING,W2,5,8,63%,4.80,4.80,4.60,4.60,4.60,4.60,5.00,4.40,4.60,5.60
Semester,Year,Instructor,Dept,Course ID,Course Name,Section,Responses,Enrollment,Resp. Rate %,1: Hrs Per Week 5,2: Interest in student learning,3: Explain course requirements,4: Clear learning goals,5: Instructor provides Feedback to students,6: Importance of subject,7: Explains subject matter,8: Show respect for students,9: Overall teaching,10: Overall course
,2011,,,,Year of 2011,,214,469,46%,4.96,4.45,4.23,4.31,4.03,4.36,4.36,4.65,4.3,4.13
Summer,2011,PEGGY HEIDISH,CMU,99452,LANG & CUL TEACHNING,S5,5,12,42%,9.80,5.00,4.80,5.00,5.00,4.80,5.00,5.00,5.00,5.00
Spring,2011,JOANNA DICKERT,CMU,99151,PRVLG RSPNSBLTY COMM,A4,9,22,41%,3.88,3.89,4.22,3.89,3.89,4.22,3.67,4.56,3.33,3.22
Spring,2011,PAULA MARTIN,CMU,99193,PERSONAL NUTRITION,A3,8,26,31%,4.63,4.63,4.50,4.50,4.63,4.88,4.88,4.75,4.50,4.50
Spring,2011,HELEN WANG,CMU,99208,VISIONING,A4,8,17,47%,3.50,5.00,4.63,4.75,4.13,5.00,4.88,5.00,5.00,5.00
Spring,2011,FAROUK DEY,CMU,99208,VISIONING,B3,4,8,50%,2.75,4.75,4.50,4.75,4.25,4.75,4.50,4.50,4.75,4.75
Spring,2011,JOHN HANNON,CMU,99208,VISIONING,B4,6,12,50%,2.00,4.50,4.83,4.83,5.00,5.00,4.67,5.00,4.83,4.83
Spring,2011,PETER MADSEN,CMU,99234,ENVR TODY: BDV EN JT,A4,36,77,47%,5.09,4.06,4.03,4.12,3.70,4.15,4.12,4.19,3.97,4.00
Spring,2011,WILLIAM ALBA,CMU,99242,MNG ACR MILLENNIA,A,2,8,25%,6.50,4.50,3.00,3.50,4.00,4.00,4.00,3.50,4.00,3.00
Spring,2011,  jaowens,CMU,99252,SEM ACADMC COUNSELNG,A,5,7,71%,5.00,4.80,4.80,4.80,4.60,4.60,4.80,4.80,4.80,4.60
Spring,2011,PEGGY HEIDISH,CMU,99452,LANG & CUL TEACHNING,A3,5,18,28%,4.40,5.00,5.00,5.00,5.00,5.00,5.00,5.00,4.80,5.00
Spring,2011,JUDITH HALLINEN,CMU,99461,TUTOR TEACH & LEAD,A,3,10,30%,5.00,5.00,3.67,4.33,3.33,4.00,4.33,5.00,4.33,4.00
Spring,2011,PETER MADSEN,CMU,99734,ENVR TODY: BDV EN JT,A4,12,19,63%,6.20,4.25,4.00,4.25,3.75,4.08,4.00,4.42,4.42,4.00
Fall,2011,BIJAN ESFAHANI,CMU,99104,CARNEGIE SKILLS WRKS,W,8,15,53%,6.29,4.50,3.63,3.50,3.25,3.50,3.63,4.88,3.50,3.00
Fall,2011,BIJAN ESFAHANI,CMU,99104,CARNEGIE SKILLS WRKS,WW,8,16,50%,6.29,4.13,4.00,4.00,3.38,3.75,3.88,4.25,4.25,3.75
Fall,2011,BIJAN ESFAHANI,CMU,99104,CARNEGIE SKILLS WRKS,X,9,18,50%,6.33,4.67,4.22,4.22,3.78,4.33,4.50,4.56,4.22,3.89
Fall,2011,BIJAN ESFAHANI,CMU,99104,CARNEGIE SKILLS WRKS,XX,11,16,69%,5.00,4.73,4.64,4.55,4.36,4.45,4.45,4.82,4.27,4.09
Fall,2011,BIJAN ESFAHANI,CMU,99104,CARNEGIE SKILLS WRKS,Y,8,15,53%,5.00,4.38,4.00,4.13,3.88,4.25,4.25,5.00,4.13,3.88
Fall,2011,BIJAN ESFAHANI,CMU,99104,CARNEGIE SKILLS WRKS,Z,6,19,32%,4.00,4.83,3.83,4.00,3.83,3.67,3.67,5.00,4.00,3.17
Fall,2011,JOANNA DICKERT,CMU,99151,PRVLG RSPNSBLTY COMM,A2,7,22,32%,4.14,4.71,4.86,5.00,4.86,4.43,4.57,5.00,4.71,4.29
Fall,2011,JOANNA DICKERT,CMU,99151,PRVLG RSPNSBLTY COMM,W2,5,11,45%,4.25,4.20,4.60,4.60,4.60,4.20,4.80,4.80,4.60,4.40
Fall,2011,KELLEY SHELL,CMU,99190,MNGNG STRS RSTNG HRM,A1,7,22,32%,3.71,4.43,4.14,4.57,3.71,4.57,4.57,4.71,4.29,4.43
Fall,2011,ROBERT HEARD,CMU,99238,MATERLS ENGY ENVIRON,A,15,26,58%,4.60,3.87,4.07,4.27,3.40,4.60,4.53,4.80,4.27,4.00
Fall,2011,WILLIAM ALBA,CMU,99241,REVLUTNS CIRCULARITY,A,5,11,45%,8.00,4.80,3.40,3.20,4.20,3.80,4.20,4.60,4.40,4.00
Fall,2011,YANG CAI,CMU,99428,CREATIVITY,A,3,5,60%,5.00,4.67,2.67,4.33,4.33,4.67,4.67,4.67,4.33,4.67
Fall,2011,PEGGY HEIDISH,CMU,99452,LANG & CUL TEACHNING,A1,13,15,87%,3.85,4.69,4.77,4.54,4.69,4.67,4.62,4.69,4.69,4.69
Fall,2011,HOLLY HIPPENSTEEL,CMU,99530,SENIOR PREPARTN SEMR,A2,6,22,27%,5.00,4.83,4.33,4.33,3.83,4.67,4.60,5.00,4.50,4.33
Semester,Year,Instructor,Dept,Course ID,Course Name,Section,Responses,Enrollment,Resp. Rate %,2: Interest in student learning,3: Explain course requirements,4: Clear learning goals,5: Instructor provides Feedback to students,6: Importance of subject,7: Explains subject matter,8: Show respect for students,9: Overall teaching,10: Overall course,22: Hrs Per Week 5
,2011,,,,Year of 2011,,18,44,41%,4.56,4.39,4.17,4.17,3.94,4.39,4.67,4.38,3.33,3.61
Spring,2011,"ALBA, W.  (co-taught)",CMU,99243,LGHT FRM ENLGHTNMNT,A,5,14,36%,4.00,3.80,3.60,3.40,3.20,4.00,4.60,3.75,2.00,3.20
Spring,2011,"cmhicks,  .  (co-taught)",CMU,99243,LGHT FRM ENLGHTNMNT,A,5,14,36%,4.40,4.00,3.60,3.60,3.40,3.80,4.20,4.00,2.00,3.20
Fall,2011,"DAVIS, J.  (co-taught)",CMU,99208,VISIONING,W2,4,8,50%,5.00,5.00,5.00,5.00,4.75,5.00,5.00,5.00,5.00,4.00
Fall,2011,"DREHER, K.  (co-taught)",CMU,99208,VISIONING,W2,4,8,50%,5.00,5.00,4.75,5.00,4.75,5.00,5.00,5.00,5.00,4.25
Semester,Year,Instructor,Dept,Course ID,Course Name,Section,Responses,Enrollment,Resp. Rate %,1: Hrs Per Week 5,2: Interest in student learning,3: Explain course requirements,4: Clear learning goals,5: Instructor provides Feedback to students,6: Importance of subject,7: Explains subject matter,8: Show respect for students,9: Overall teaching,10: Overall course
,2010,,,,Year of 2010,,414,1365,30%,3.18,3.73,3.86,3.88,3.67,3.72,3.75,4.05,3.83,3.63
Summer,2010,PEGGY HEIDISH,CMU,99452,LANG & CUL TEACHNING,S5,2,7,29%,8.00,4.50,4.50,5.00,5.00,4.50,4.50,5.00,5.00,5.00
Spring,2010,KELLEY SHELL,CMU,99191,HLTH&WELL ACRSS SPEC,A4,5,17,29%,3.80,5.00,4.80,5.00,4.80,5.00,5.00,5.00,5.00,4.80
Spring,2010,PAULA MARTIN,CMU,99193,PERSONAL NUTRITION,A3,5,30,17%,3.80,4.80,4.60,4.60,5.00,5.00,4.80,5.00,4.80,4.60
Spring,2010,WILLIAM ALBA,CMU,99242,MNG ACR MILLENNIA,A,4,9,44%,5.75,4.50,3.75,3.75,4.25,4.75,4.25,4.75,4.50,4.00
Spring,2010,  jaowens,CMU,99252,SEM ACADMC COUNSELNG,A,2,6,33%,2.00,5.00,5.00,5.00,5.00,5.00,4.50,5.00,5.00,5.00
Spring,2010,INDIRA NAIR,CMU,99334,RUSSIA TODAY,A,10,36,28%,5.60,4.00,4.11,4.44,3.89,4.00,4.22,4.56,4.70,4.20
Spring,2010,CARA COSTELLO,CMU,99451,FLNCY FOR PRESENTTNS,A3,4,15,27%,5.00,4.33,4.50,4.75,4.50,4.50,4.75,4.75,4.50,4.25
Spring,2010,PEGGY HEIDISH,CMU,99452,LANG & CUL TEACHNING,A3,6,10,60%,5.00,4.67,4.50,4.67,4.67,4.67,4.67,4.33,4.50,4.33
Spring,2010,JUDITH HALLINEN,CMU,99461,TUTOR TEACH & LEAD,A,2,4,50%,6.50,4.50,4.50,5.00,4.50,5.00,4.50,5.00,5.00,5.00
Spring,2010,MICHELE DIPIETRO,CMU,99701,COLLEGE/UNIV TEACHNG,A,10,16,63%,5.00,4.90,4.90,5.00,4.56,4.80,4.60,5.00,4.70,4.70
Fall,2010,APRIL RUPP,CMU,99101,CMPTNG CARNEGIE MELL,A1,3,18,17%,2.00,3.67,4.33,4.33,3.33,3.67,3.67,3.67,4.00,3.67
Fall,2010,APRIL RUPP,CMU,99101,CMPTNG CARNEGIE MELL,B1,2,20,10%,2.00,3.00,3.00,3.00,2.50,2.50,3.00,3.00,3.00,2.50
Fall,2010,APRIL RUPP,CMU,99101,CMPTNG CARNEGIE MELL,C1,8,18,44%,2.00,3.75,4.13,4.25,4.00,3.63,3.63,4.50,4.25,3.75
Fall,2010,APRIL RUPP,CMU,99101,CMPTNG CARNEGIE MELL,D1,6,18,33%,2.00,3.33,3.17,3.67,3.17,3.67,3.17,3.17,3.33,3.67
Fall,2010,APRIL RUPP,CMU,99101,CMPTNG CARNEGIE MELL,E1,3,19,16%,2.00,2.00,3.00,3.00,2.33,3.00,3.00,3.67,3.00,2.67
Fall,2010,APRIL RUPP,CMU,99101,CMPTNG CARNEGIE MELL,F1,2,18,11%,2.00,4.50,5.00,5.00,5.00,5.00,4.50,5.00,5.00,3.00
Fall,2010,APRIL RUPP,CMU,99101,CMPTNG CARNEGIE MELL,G1,4,19,21%,2.00,4.25,4.25,4.50,3.75,3.75,4.25,4.50,4.00,4.00
Fall,2010,APRIL RUPP,CMU,99101,CMPTNG CARNEGIE MELL,H1,8,20,40%,2.38,3.50,3.83,3.67,3.50,3.33,3.67,3.83,3.67,4.00
Fall,2010,APRIL RUPP,CMU,99101,CMPTNG CARNEGIE MELL,I1,2,20,10%,2.00,3.00,4.00,4.00,3.50,3.00,3.00,4.00,3.00,2.00
Fall,2010,APRIL RUPP,CMU,99101,CMPTNG CARNEGIE MELL,J1,8,18,44%,2.38,3.13,4.00,3.88,3.38,3.00,3.38,4.25,3.88,2.88
Fall,2010,APRIL RUPP,CMU,99101,CMPTNG CARNEGIE MELL,K1,6,15,40%,2.50,3.33,3.00,3.33,3.33,3.33,3.33,3.50,3.33,3.50
Fall,2010,APRIL RUPP,CMU,99101,CMPTNG CARNEGIE MELL,L1,4,20,20%,2.00,4.00,4.00,4.00,4.00,3.75,4.00,4.00,4.00,4.00
Fall,2010,APRIL RUPP,CMU,99101,CMPTNG CARNEGIE MELL,M1,5,20,25%,2.00,3.80,3.80,3.80,3.60,3.60,3.60,3.80,3.80,3.60
Fall,2010,APRIL RUPP,CMU,99101,CMPTNG CARNEGIE MELL,N1,5,20,25%,2.00,3.33,3.50,2.75,2.75,2.75,3.25,3.75,2.67,2.75
Fall,2010,APRIL RUPP,CMU,99101,CMPTNG CARNEGIE MELL,N2,4,17,24%,2.00,3.25,3.75,3.75,3.25,3.50,3.50,3.75,3.75,3.00
Fall,2010,APRIL RUPP,CMU,99101,CMPTNG CARNEGIE MELL,O1,3,19,16%,2.00,3.50,3.50,3.50,3.50,3.50,3.50,3.50,3.50,2.50
Fall,2010,APRIL RUPP,CMU,99101,CMPTNG CARNEGIE MELL,O2,6,20,30%,2.50,3.00,3.67,3.67,3.20,2.40,3.17,3.67,3.17,2.33
Fall,2010,APRIL RUPP,CMU,99101,CMPTNG CARNEGIE MELL,P1,5,18,28%,2.00,3.60,3.80,3.80,3.80,3.40,3.40,3.80,3.60,4.00
Fall,2010,APRIL RUPP,CMU,99101,CMPTNG CARNEGIE MELL,P2,7,20,35%,2.00,3.67,3.67,3.67,3.67,3.67,3.67,3.67,3.67,3.33
Fall,2010,APRIL RUPP,CMU,99101,CMPTNG CARNEGIE MELL,Q1,6,19,32%,3.00,3.83,3.50,3.67,3.67,3.67,3.83,4.00,3.83,3.50
Fall,2010,APRIL RUPP,CMU,99101,CMPTNG CARNEGIE MELL,Q2,8,20,40%,2.00,3.33,3.50,3.33,3.33,3.17,3.50,3.83,3.67,3.14
Fall,2010,APRIL RUPP,CMU,99101,CMPTNG CARNEGIE MELL,R1,3,17,18%,2.00,3.67,3.67,3.67,3.67,3.67,4.00,4.00,3.67,3.67
Fall,2010,APRIL RUPP,CMU,99101,CMPTNG CARNEGIE MELL,R2,5,20,25%,4.40,4.00,4.25,4.25,4.00,4.00,4.00,4.25,4.00,4.00
Fall,2010,APRIL RUPP,CMU,99101,CMPTNG CARNEGIE MELL,S1,6,20,30%,2.00,2.50,3.00,3.00,2.20,2.17,2.67,2.83,2.83,2.67
Fall,2010,APRIL RUPP,CMU,99101,CMPTNG CARNEGIE MELL,S2,11,20,55%,2.00,3.00,3.22,3.22,3.11,3.22,3.44,3.33,3.33,2.89
Fall,2010,APRIL RUPP,CMU,99101,CMPTNG CARNEGIE MELL,T1,1,17,6%,2.00,4.00,5.00,3.00,3.00,3.00,3.00,5.00,4.00,3.00
Fall,2010,APRIL RUPP,CMU,99101,CMPTNG CARNEGIE MELL,T2,5,15,33%,2.00,2.75,2.75,2.75,2.75,2.75,2.75,2.75,2.75,2.20
Fall,2010,APRIL RUPP,CMU,99101,CMPTNG CARNEGIE MELL,U1,2,18,11%,3.50,3.00,4.00,4.00,4.00,4.00,4.00,4.00,4.00,4.50
Fall,2010,APRIL RUPP,CMU,99101,CMPTNG CARNEGIE MELL,V1,8,19,42%,3.50,3.13,3.63,3.63,2.71,3.25,3.13,4.13,3.63,3.13
Fall,2010,APRIL RUPP,CMU,99101,CMPTNG CARNEGIE MELL,W1,3,18,17%,2.00,3.00,4.33,4.33,4.33,3.67,3.67,4.33,4.33,4.00
Fall,2010,APRIL RUPP,CMU,99101,CMPTNG CARNEGIE MELL,W2,4,18,22%,2.00,3.50,4.00,4.50,4.00,4.00,4.00,4.00,3.50,4.00
Fall,2010,APRIL RUPP,CMU,99101,CMPTNG CARNEGIE MELL,X1,4,18,22%,2.00,3.00,4.00,3.75,3.25,3.50,3.00,3.00,3.50,3.50
Fall,2010,APRIL RUPP,CMU,99101,CMPTNG CARNEGIE MELL,X2,3,16,19%,2.00,3.00,4.00,4.00,3.33,3.33,3.33,4.00,3.67,3.50
Fall,2010,APRIL RUPP,CMU,99101,CMPTNG CARNEGIE MELL,Y1,7,17,41%,2.86,4.00,4.71,4.43,4.00,4.29,4.29,4.43,4.00,3.57
Fall,2010,APRIL RUPP,CMU,99101,CMPTNG CARNEGIE MELL,Z1,6,20,30%,2.50,2.80,3.00,3.20,2.60,2.80,2.80,3.00,3.00,3.33
Fall,2010,APRIL RUPP,CMU,99102,CMPTNG CARNEGIE MELL,G1,2,7,29%,2.00,4.50,4.50,4.50,5.00,4.50,4.50,5.00,4.50,4.00
Fall,2010,APRIL RUPP,CMU,99102,CMPTNG CARNEGIE MELL,G2,4,12,33%,2.75,4.00,4.25,3.75,3.75,3.75,3.75,3.75,3.75,3.75
Fall,2010,APRIL RUPP,CMU,99102,CMPTNG CARNEGIE MELL,H1,1,20,5%,2.00,5.00,3.00,3.00,3.00,3.00,3.00,3.00,3.00,3.00
Fall,2010,APRIL RUPP,CMU,99102,CMPTNG CARNEGIE MELL,H2,10,20,50%,3.20,3.40,3.70,3.50,3.50,3.40,3.20,3.50,3.70,3.00
Fall,2010,APRIL RUPP,CMU,99102,CMPTNG CARNEGIE MELL,I1,3,20,15%,2.00,1.33,3.33,3.67,1.67,2.00,1.67,3.00,2.00,1.67
Fall,2010,APRIL RUPP,CMU,99102,CMPTNG CARNEGIE MELL,I2,8,20,40%,2.00,3.63,3.50,3.50,3.63,3.38,3.50,3.50,3.25,3.25
Fall,2010,APRIL RUPP,CMU,99102,CMPTNG CARNEGIE MELL,J1,6,19,32%,2.00,3.67,3.67,3.67,3.50,3.67,3.67,3.83,3.67,3.83
Fall,2010,APRIL RUPP,CMU,99102,CMPTNG CARNEGIE MELL,J2,11,20,55%,3.20,3.27,3.64,3.64,3.18,3.55,3.45,3.64,3.27,3.45
Fall,2010,APRIL RUPP,CMU,99102,CMPTNG CARNEGIE MELL,K1,3,20,15%,2.00,3.33,3.33,3.33,3.67,3.33,3.33,3.67,3.33,3.33
Fall,2010,APRIL RUPP,CMU,99102,CMPTNG CARNEGIE MELL,K2,5,19,26%,2.00,3.00,3.50,3.50,3.25,3.25,3.00,3.50,3.25,3.00
Fall,2010,APRIL RUPP,CMU,99102,CMPTNG CARNEGIE MELL,L1,8,18,44%,2.75,3.13,3.50,3.50,3.00,2.75,2.75,3.63,3.13,3.00
Fall,2010,APRIL RUPP,CMU,99102,CMPTNG CARNEGIE MELL,L2,6,17,35%,2.50,3.67,3.33,3.67,3.33,3.50,3.50,3.83,3.67,3.33
Fall,2010,APRIL RUPP,CMU,99102,CMPTNG CARNEGIE MELL,M1,4,15,27%,2.00,2.00,4.25,3.75,3.75,3.75,4.25,4.00,3.67,3.25
Fall,2010,APRIL RUPP,CMU,99102,CMPTNG CARNEGIE MELL,M2,8,19,42%,3.50,3.38,3.38,3.25,3.38,3.38,3.50,3.38,3.50,3.00
Fall,2010,APRIL RUPP,CMU,99102,CMPTNG CARNEGIE MELL,N1,3,16,19%,4.00,3.00,3.00,3.00,2.67,3.00,3.00,3.00,3.00,3.33
Fall,2010,APRIL RUPP,CMU,99102,CMPTNG CARNEGIE MELL,O1,2,7,29%,3.50,2.50,3.50,3.50,3.00,3.00,3.00,3.50,3.00,3.50
Fall,2010,APRIL RUPP,CMU,99102,CMPTNG CARNEGIE MELL,P1,5,8,63%,2.60,4.00,3.60,3.60,3.60,3.60,3.80,4.00,3.60,3.60
Fall,2010,APRIL RUPP,CMU,99102,CMPTNG CARNEGIE MELL,R1,1,14,7%,2.00,4.00,4.00,4.00,4.00,3.00,4.00,5.00,4.00,3.00
Fall,2010,APRIL RUPP,CMU,99102,CMPTNG CARNEGIE MELL,S1,5,20,25%,2.00,3.80,4.00,3.80,3.40,3.40,3.40,4.20,3.60,3.40
Fall,2010,APRIL RUPP,CMU,99102,CMPTNG CARNEGIE MELL,T1,7,20,35%,2.00,3.80,3.80,3.80,3.80,3.80,3.80,3.80,3.80,3.86
Fall,2010,APRIL RUPP,CMU,99102,CMPTNG CARNEGIE MELL,U1,2,15,13%,2.00,3.00,3.00,3.50,3.00,3.00,3.00,4.00,3.50,3.50
Fall,2010,APRIL RUPP,CMU,99102,CMPTNG CARNEGIE MELL,V1,3,9,33%,3.00,3.00,3.00,3.00,3.00,3.33,3.00,3.00,3.00,3.00
Fall,2010,APRIL RUPP,CMU,99102,CMPTNG CARNEGIE MELL,W1,2,10,20%,2.00,3.50,4.00,4.00,4.00,3.50,3.50,4.50,4.00,3.50
Fall,2010,APRIL RUPP,CMU,99102,CMPTNG CARNEGIE MELL,X1,3,13,23%,2.00,3.00,3.00,3.50,3.00,3.00,3.00,3.00,3.00,3.33
Fall,2010,APRIL RUPP,CMU,99102,CMPTNG CARNEGIE MELL,Y1,4,15,27%,2.00,4.00,4.50,4.50,4.25,4.25,4.33,4.33,4.33,4.25
Fall,2010,APRIL RUPP,CMU,99102,CMPTNG CARNEGIE MELL,Z1,2,9,22%,6.50,4.50,5.00,5.00,4.00,4.50,5.00,5.00,4.50,5.00
Fall,2010,BIJAN ESFAHANI,CMU,99104,CARNEGIE SKILLS WRKS,Z,1,18,6%,2.00,5.00,5.00,5.00,5.00,5.00,5.00,5.00,5.00,5.00
Fall,2010,JOANNA DICKERT,CMU,99151,PRVLG RSPNSBLTY COMM,A2,9,24,38%,5.33,4.78,4.56,4.56,4.67,4.44,4.44,5.00,4.67,4.56
Fall,2010,JOANNA DICKERT,CMU,99151,PRVLG RSPNSBLTY COMM,W2,1,7,14%,2.00,5.00,4.00,5.00,5.00,4.00,4.00,5.00,5.00,5.00
Fall,2010,KELLEY SHELL,CMU,99190,MNGNG STRS RSTNG HRM,A2,11,27,41%,3.36,4.64,4.18,4.09,4.09,4.45,4.45,5.00,4.27,4.27
Fall,2010,PAULA MARTIN,CMU,99194,RELATIONSHIPS 101,A1,10,21,48%,4.40,4.40,3.80,4.30,3.80,4.30,4.20,4.50,4.00,4.00
Fall,2010,MICHAEL MURPHY,CMU,99208,VISIONING,A2,7,10,70%,4.57,5.00,4.86,4.71,5.00,5.00,4.71,5.00,5.00,4.86
Fall,2010,ROBERT HEARD,CMU,99238,MATERLS ENGY ENVIRON,A,13,22,59%,4.08,4.00,4.08,4.15,3.77,4.46,4.15,4.54,3.92,3.85
Fall,2010,WILLIAM ALBA,CMU,99241,REVLUTNS CIRCULARITY,A,11,14,79%,8.00,4.64,3.36,2.91,4.00,3.82,3.82,4.55,4.27,3.73
Fall,2010,PEGGY HEIDISH,CMU,99452,LANG & CUL TEACHNING,A1,3,6,50%,5.00,5.00,5.00,5.00,5.00,5.00,5.00,5.00,5.00,4.67
Fall,2010,HOLLY HIPPENSTEEL,CMU,99530,SENIOR CAPSTONE SMNR,A2,7,15,47%,5.43,4.57,4.43,4.57,3.86,4.43,4.71,4.71,4.57,4.43
Semester,Year,Instructor,Dept,Course ID,Course Name,Section,Responses,Enrollment,Resp. Rate %,2: Interest in student learning,3: Explain course requirements,4: Clear learning goals,5: Instructor provides Feedback to students,6: Importance of subject,7: Explains subject matter,8: Show respect for students,9: Overall teaching,10: Overall course,22: Hrs Per Week 5
,2010,,,,Year of 2010,,14,24,58%,4.85,4.22,4.5,4.36,4.72,4.57,5,4.64,5,5.86
Fall,2010,"MURPHY, M.  (co-taught)",CMU,99208,VISIONING:LV WK MNY,A1,7,12,58%,5.00,4.00,4.57,4.43,4.86,4.57,5.00,4.71,5.00,5.86
Fall,2010,"DEY, F.  (co-taught)",CMU,99208,VISIONING:LV WK MNY,A1,7,12,58%,4.71,4.43,4.43,4.29,4.57,4.57,5.00,4.57,5.00,5.86
Semester,Year,Instructor,Dept,Course ID,Course Name,Section,Responses,Enrollment,Resp. Rate %,1: Overall course,2: Overall teaching,,,,,,,,
,2009,,,,Year of 2009,,303,742,41%,3.51,4.1,,,,,,,,
Spring,2009,JOANNA DICKERT,CMU,99151,PRVLG RSPNSBLTY COMM,A4,12,62,19%,3.58,3.91,,,,,,,,
Spring,2009,KELLEY SHELL,CMU,99191,HLTH&WELL ACRSS SPEC,A4,10,29,34%,3.90,4.10,,,,,,,,
Spring,2009,PAULA MARTIN,CMU,99193,PERSONAL NUTRITION,A3,9,20,45%,4.22,4.56,,,,,,,,
Spring,2009,JUDITH HALLINEN,CMU,99200,TUTNG/MENTNG/RL MOD,A,3,6,50%,4.00,4.67,,,,,,,,
Spring,2009,WILLIAM ALBA,CMU,99242,MNG ACR MILLENNIA,A,2,7,29%,5.00,5.00,,,,,,,,
Spring,2009,LINDA HOOPER,CMU,99252,SEM ACADMC COUNSELNG,A,5,9,56%,4.40,4.60,,,,,,,,
Spring,2009,INDIRA NAIR,CMU,99340,GLOBAL ISS LCL SOLTN,A,13,18,72%,4.54,4.77,,,,,,,,
Spring,2009,CARA COSTELLO,CMU,99451,FLNCY FOR PRESENTTNS,A3,3,9,33%,3.33,4.67,,,,,,,,
Spring,2009,CARA COSTELLO,CMU,99451,FLNCY FOR PRESENTTNS,A4,2,11,18%,5.00,5.00,,,,,,,,
Spring,2009,PEGGY HEIDISH,CMU,99452,LANG & CUL TEACHNING,A3,3,6,50%,4.33,4.33,,,,,,,,
Fall,2009,APRIL RUPP,CMU,99101,CMPTNG CARNEGIE MELL,A2,9,19,47%,2.67,3.00,,,,,,,,
Fall,2009,APRIL RUPP,CMU,99101,CMPTNG CARNEGIE MELL,B2,13,28,46%,2.58,2.75,,,,,,,,
Fall,2009,APRIL RUPP,CMU,99101,CMPTNG CARNEGIE MELL,C2,14,27,52%,2.86,3.79,,,,,,,,
Fall,2009,APRIL RUPP,CMU,99101,CMPTNG CARNEGIE MELL,D2,9,27,33%,3.33,3.44,,,,,,,,
Fall,2009,APRIL RUPP,CMU,99101,CMPTNG CARNEGIE MELL,E2,10,26,38%,3.10,4.30,,,,,,,,
Fall,2009,APRIL RUPP,CMU,99101,CMPTNG CARNEGIE MELL,F2,9,20,45%,3.25,4.44,,,,,,,,
Fall,2009,APRIL RUPP,CMU,99101,CMPTNG CARNEGIE MELL,G2,15,28,54%,2.67,4.00,,,,,,,,
Fall,2009,APRIL RUPP,CMU,99101,CMPTNG CARNEGIE MELL,H2,8,27,30%,3.00,3.88,,,,,,,,
Fall,2009,APRIL RUPP,CMU,99101,CMPTNG CARNEGIE MELL,I2,13,27,48%,2.46,2.92,,,,,,,,
Fall,2009,APRIL RUPP,CMU,99101,CMPTNG CARNEGIE MELL,K1,16,27,59%,3.06,4.13,,,,,,,,
Fall,2009,APRIL RUPP,CMU,99101,CMPTNG CARNEGIE MELL,L1,13,27,48%,3.00,4.23,,,,,,,,
Fall,2009,BIJAN ESFAHANI,CMU,99104,CARNEGIE SKILLS WRKS,W,9,27,33%,3.67,4.38,,,,,,,,
Fall,2009,BIJAN ESFAHANI,CMU,99104,CARNEGIE SKILLS WRKS,X,8,19,42%,3.75,4.67,,,,,,,,
Fall,2009,BIJAN ESFAHANI,CMU,99104,CARNEGIE SKILLS WRKS,Y,14,26,54%,3.86,4.29,,,,,,,,
Fall,2009,BIJAN ESFAHANI,CMU,99104,CARNEGIE SKILLS WRKS,Z,6,16,38%,3.50,4.83,,,,,,,,
Fall,2009,JOANNA DICKERT,CMU,99151,PRVLG RSPNSBLTY COMM,A2,5,17,29%,3.40,3.80,,,,,,,,
Fall,2009,KELLEY SHELL,CMU,99190,MNGNG STRS RSTNG HRM,A2,4,26,15%,4.75,5.00,,,,,,,,
Fall,2009,PAULA MARTIN,CMU,99194,RELATIONSHIPS 101,A1,4,8,50%,3.75,4.50,,,,,,,,
Fall,2009,ROBERT HEARD,CMU,99238,MATERLS ENGY ENVIRON,A,8,25,32%,3.88,4.25,,,,,,,,
Fall,2009,WILLIAM ALBA,CMU,99241,REVLUTNS CIRCULARITY,A,8,13,62%,3.38,3.75,,,,,,,,
Fall,2009,INDIRA NAIR,CMU,99333,BRAZIL TODAY,A2,18,44,41%,3.94,4.31,,,,,,,,
Fall,2009,INDIRA NAIR,CMU,99339,PASSPORT GLBL AWARNS,A,10,15,67%,4.30,4.50,,,,,,,,
Fall,2009,CARA COSTELLO,CMU,99451,FLNCY FOR PRESENTTNS,A2,6,14,43%,4.67,4.67,,,,,,,,
Fall,2009,PEGGY HEIDISH,CMU,99452,LANG & CUL TEACHNING,A1,6,12,50%,4.60,4.67,,,,,,,,
Fall,2009,HOLLY HIPPENSTEEL,CMU,99530,SENIOR CAPSTONE SMNR,A2,6,20,30%,3.17,3.67,,,,,,,,
Semester,Year,Instructor,Dept,Course ID,Course Name,Section,Responses,Enrollment,Resp. Rate %,9: Overall teaching,10: Overall course,,,,,,,,
,2009,,,,Year of 2009,,22,68,32%,3.95,3.36,,,,,,,,
Spring,2009,"ROY, K.  (co-taught)",CMU,99460,URBN AGRLT GLB CONTX,A,1,7,14%,4.00,4.00,,,,,,,,
Spring,2009,"PATRICK, L.  (co-taught)",CMU,99460,URBN AGRLT GLB CONTX,A,1,7,14%,5.00,5.00,,,,,,,,
Fall,2009,"RUPP, A.  (co-taught)",CMU,99101,CMPTNG CARNEGIE MELL,J1,10,27,37%,3.90,3.30,,,,,,,,
Fall,2009,"SONICK, S.  (co-taught)",CMU,99101,CMPTNG CARNEGIE MELL,J1,10,27,37%,3.90,3.20,,,,,,,,
Semester,Year,Instructor,Dept,Course ID,Course Name,Section,Responses,Enrollment,Resp. Rate %,9: Overall teaching,10: Overall course,,,,,,,,
,2008,,,,Year of 2008,,45,116,39%,4.27,4.04,,,,,,,,
Spring,2008,JOANNA DICKERT,CMU,99151,PRVLG RSPNSBLTY COMM,A4,13,45,29%,4.00,3.69,,,,,,,,
Spring,2008,JUDITH HALLINEN,CMU,99200,TUTNG/MENTNG/RL MOD,A,4,7,57%,4.50,3.75,,,,,,,,
Spring,2008,WILLIAM ALBA,CMU,99241,REVLUTNS CIRCULARITY,A,5,12,42%,4.20,4.20,,,,,,,,
Spring,2008,SARAH CARVALHO,CMU,99451,FLNCY FOR PRESENTTNS,A4,7,11,64%,4.43,4.29,,,,,,,,
Spring,2008,PEGGY HEIDISH,CMU,99452,LANG & CUL TEACHNING,A3,6,8,75%,5.00,5.00,,,,,,,,
Spring,2008,PETER MADSEN,CMU,99522,CORP & ENVR RSPNSBLT,A4,10,33,30%,4.00,3.80,,,,,,,,
Semester,Year,Instructor,Dept,Course ID,Course Name,Section,Responses,Enrollment,Resp. Rate %,1: Overall course,2: Overall teaching,,,,,,,,
,2008,,,,Year of 2008,,70,144,49%,4.05,4.21,,,,,,,,
Fall,2008,JOANNA DICKERT,CMU,99151,PRVLG RSPNSBLTY COMM,A2,13,42,31%,3.83,4.15,,,,,,,,
Fall,2008,ROYCE FRANCIS,CMU,99231,ENV EARLY WARNINGS,A,4,9,44%,3.00,2.75,,,,,,,,
Fall,2008,JOE REGENSTEIN,CMU,99235,INTRO KOSHER HALAL,A2,15,29,52%,3.93,4.00,,,,,,,,
Fall,2008,ROBERT HEARD,CMU,99238,MATERLS ENGY ENVIRON,A,10,17,59%,3.60,4.40,,,,,,,,
Fall,2008,WILLIAM ALBA,CMU,99241,REVLUTNS CIRCULARITY,A,9,13,69%,4.44,4.33,,,,,,,,
Fall,2008,CARA COSTELLO,CMU,99451,FLNCY FOR PRESENTTNS,A2,10,17,59%,4.40,4.50,,,,,,,,
Fall,2008,PEGGY HEIDISH,CMU,99452,LANG & CUL TEACHNING,A1,3,11,27%,4.67,4.67,,,,,,,,
Fall,2008,MICHELE DIPIETRO,CMU,99701,COLLEGE/UNIV TEACHNG,A,6,6,100%,4.83,4.67,,,,,,,,
Semester,Year,Instructor,Dept,Course ID,Course Name,Section,Responses,Enrollment,Resp. Rate %,9: Overall teaching,10: Overall course,,,,,,,,
,2008,,,,Year of 2008,,18,44,41%,3.62,3.56,,,,,,,,
Spring,2008,"ROY, K.  (co-taught)",CMU,99232,URBAN FARMNG ENVRNMT,A,9,22,41%,3.67,3.56,,,,,,,,
Spring,2008,"PATRICK, L.  (co-taught)",CMU,99232,URBAN FARMNG ENVRNMT,A,9,22,41%,3.56,3.56,,,,,,,,
Semester,Year,Instructor,Dept,Course ID,Course Name,Section,Responses,Enrollment,Resp. Rate %,9: Overall teaching,10: Overall course,,,,,,,,
,2008,,,,Year of 2008,,58,128,45%,4.4,4.31,,,,,,,,
Fall,2008,"NAIR, I.  (co-taught)",CMU,99305,THE YEAR IS 1905,A,6,12,50%,5.00,4.80,,,,,,,,
Fall,2008,"FRANKLIN, G.  (co-taught)",CMU,99305,THE YEAR IS 1905,A,6,12,50%,4.83,4.83,,,,,,,,
Fall,2008,"ARORA, A.  (co-taught)",CMU,99331,INDIA TODAY,A2,16,36,44%,4.20,4.25,,,,,,,,
Fall,2008,"NAIR, I.  (co-taught)",CMU,99331,INDIA TODAY,A2,16,36,44%,4.31,4.38,,,,,,,,
Fall,2008,"ROY, K.  (co-taught)",CMU,99333,AGRI FOOD & ENVIRNMT,A,3,4,75%,4.00,3.33,,,,,,,,
Fall,2008,"PATRICK, L.  (co-taught)",CMU,99333,AGRI FOOD & ENVIRNMT,A,3,4,75%,4.00,3.33,,,,,,,,
Fall,2008,"DEFOREST, M.  (co-taught)",CMU,99530,SENIOR CAPSTONE SMNR,A1,4,12,33%,4.50,4.25,,,,,,,,
Fall,2008,"HIPPENSTEEL, H.  (co-taught)",CMU,99530,SENIOR CAPSTONE SMNR,A1,4,12,33%,4.50,4.25,,,,,,,,
Semester,Year,Instructor,Dept,Course ID,Course Name,Section,Responses,Enrollment,Resp. Rate %,9: Overall teaching,10: Overall course,,,,,,,,
,2007,,,,Year of 2007,,44,108,41%,4.09,3.86,,,,,,,,
Fall,2007,JOANNA DICKERT,CMU,99151,PRVLG RSPNSBLTY COMM,A2,14,47,30%,4.14,4.14,,,,,,,,
Fall,2007,ROBERT HEARD,CMU,99238,MATERLS ENGY ENVIRON,A,10,21,48%,4.20,3.90,,,,,,,,
Fall,2007,WILLIAM ALBA,CMU,99241,REVLUTNS CIRCULARITY,A,10,17,59%,3.40,3.20,,,,,,,,
Fall,2007,SARAH CARVALHO,CMU,99451,FLNCY FOR PRESENTTNS,A2,5,12,42%,4.80,4.20,,,,,,,,
Fall,2007,PEGGY HEIDISH,CMU,99452,LANG & CUL TEACHNING,A1,5,11,45%,4.40,4.00,,,,,,,,
Semester,Year,Instructor,Dept,Course ID,Course Name,Section,Responses,Enrollment,Resp. Rate %,9: Overall teaching,10: Overall course,,,,,,,,
,2007,,,,Year of 2007,,32,52,62%,4.56,4.47,,,,,,,,
Fall,2007,"NAIR, I.  (co-taught)",CMU,99305,THE YEAR IS 1905,A,16,26,62%,4.75,4.63,,,,,,,,
Fall,2007,"FRANKLIN, G.  (co-taught)",CMU,99305,THE YEAR IS 1905,A,16,26,62%,4.38,4.31,,,,,,,,
